ano_mes_lancamento,Nome Elemento de Despesa,valor_empenhado
2015/01,Auxílio Financeiro a Estudantes,610980.0
2015/01,Auxílio Financeiro a Pesquisadores,0.0
2015/01,Despesas de Exercícios Anteriores,1109463.07
2015/01,Diárias - Civil,12342.7
2015/01,Equipamentos e Material Permanente,0.0
2015/01,Indenizações e Restituições,1947364.58
2015/01,Locação de Mão-de-Obra,356743.43
2015/01,Material de Consumo,691918.15
2015/01,"Material, Bem ou Serviço para Distribuição",0.0
2015/01,Obras e Instalações,0.0
2015/01,Outros Auxílios Financeiros a Pessoas Físic,1976236.64
2015/01,Outros Serviços de Terceiros - Pessoa Físic,41594.0
2015/01,Outros Serviços de Terceiros - Pessoa Juríd,2026286.1700000002
2015/01,Passagens e Despesas com Locomoção,16210.0
2015/02,Auxílio Financeiro a Estudantes,1155840.0
2015/02,Auxílio Financeiro a Pesquisadores,17920.0
2015/02,Despesas de Exercícios Anteriores,73440.48
2015/02,Diárias - Civil,204192.45
2015/02,Equipamentos e Material Permanente,0.0
2015/02,Indenizações e Restituições,992346.45
2015/02,Locação de Mão-de-Obra,1156012.79
2015/02,Material de Consumo,1104383.55
2015/02,"Material, Bem ou Serviço para Distribuição",0.0
2015/02,Obras e Instalações,0.0
2015/02,Outros Auxílios Financeiros a Pessoas Físic,0.0
2015/02,Outros Serviços de Terceiros - Pessoa Físic,191213.41
2015/02,Outros Serviços de Terceiros - Pessoa Juríd,5571500.25
2015/02,Passagens e Despesas com Locomoção,103064.6
2015/03,Auxílio Financeiro a Estudantes,1775156.75
2015/03,Auxílio Financeiro a Pesquisadores,34240.0
2015/03,Contribuições,12400.67
2015/03,Despesas de Exercícios Anteriores,415100.7199999999
2015/03,Diárias - Civil,184707.2
2015/03,Equipamentos e Material Permanente,154000.0
2015/03,Indenizações e Restituições,989108.38
2015/03,Locação de Mão-de-Obra,756378.11
2015/03,Material de Consumo,1439295.97
2015/03,Obras e Instalações,0.0
2015/03,Outros Auxílios Financeiros a Pessoas Físic,390028.0
2015/03,Outros Serviços de Terceiros - Pessoa Físic,298833.21
2015/03,Outros Serviços de Terceiros - Pessoa Juríd,3471480.69
2015/03,Passagens e Despesas com Locomoção,294331.92
2015/04,Auxílio Financeiro a Estudantes,2124090.0
2015/04,Auxílio Financeiro a Pesquisadores,10240.0
2015/04,Contribuições,1000.0
2015/04,Despesas de Exercícios Anteriores,95409.9
2015/04,Diárias - Civil,194281.88
2015/04,Equipamentos e Material Permanente,0.0
2015/04,Indenizações e Restituições,988965.67
2015/04,Locação de Mão-de-Obra,756378.11
2015/04,Material de Consumo,2699994.49
2015/04,"Material, Bem ou Serviço para Distribuição",36007.59
2015/04,Obras e Instalações,10591912.99
2015/04,Outros Auxílios Financeiros a Pessoas Físic,134931.7
2015/04,Outros Serviços de Terceiros - Pessoa Físic,746755.9199999999
2015/04,Outros Serviços de Terceiros - Pessoa Juríd,5778416.38
2015/04,Passagens e Despesas com Locomoção,161395.16
2015/05,Auxílio Financeiro a Estudantes,3358070.25
2015/05,Auxílio Financeiro a Pesquisadores,33280.0
2015/05,Contribuições,1745.0
2015/05,Despesas de Exercícios Anteriores,89625.19
2015/05,Diárias - Civil,360611.4
2015/05,Equipamentos e Material Permanente,380940.81
2015/05,Indenizações e Restituições,988872.39
2015/05,Locação de Mão-de-Obra,701583.67
2015/05,Material de Consumo,1428940.9000000001
2015/05,"Material, Bem ou Serviço para Distribuição",0.0
2015/05,Obras e Instalações,19633.08
2015/05,Outros Auxílios Financeiros a Pessoas Físic,621343.88
2015/05,Outros Serviços de Terceiros - Pessoa Físic,455590.24999999994
2015/05,Outros Serviços de Terceiros - Pessoa Juríd,5942189.85
2015/05,Passagens e Despesas com Locomoção,249713.28999999998
2015/06,Auxílio Financeiro a Estudantes,2979773.0
2015/06,Auxílio Financeiro a Pesquisadores,0.0
2015/06,Despesas de Exercícios Anteriores,31233.5
2015/06,Diárias - Civil,58248.0
2015/06,Equipamentos e Material Permanente,37960.0
2015/06,Indenizações e Restituições,985296.17
2015/06,Locação de Mão-de-Obra,0.0
2015/06,Material de Consumo,1484071.3599999999
2015/06,"Material, Bem ou Serviço para Distribuição",31028.06
2015/06,Obras e Instalações,0.0
2015/06,Outros Auxílios Financeiros a Pessoas Físic,627104.92
2015/06,Outros Serviços de Terceiros - Pessoa Físic,462496.41000000003
2015/06,Outros Serviços de Terceiros - Pessoa Juríd,2294902.5
2015/06,Passagens e Despesas com Locomoção,104914.79000000001
2015/07,Auxílio Financeiro a Estudantes,5746586.37
2015/07,Auxílio Financeiro a Pesquisadores,272464.19
2015/07,Contribuições,0.0
2015/07,Despesas de Exercícios Anteriores,67065.68000000001
2015/07,Diárias - Civil,514610.8
2015/07,Equipamentos e Material Permanente,366634.19999999995
2015/07,Indenizações e Restituições,1228901.74
2015/07,Locação de Mão-de-Obra,3746056.82
2015/07,Material de Consumo,1546802.9000000001
2015/07,"Material, Bem ou Serviço para Distribuição",0.0
2015/07,Obras e Instalações,0.0
2015/07,Outros Auxílios Financeiros a Pessoas Físic,616085.82
2015/07,Outros Serviços de Terceiros - Pessoa Físic,458599.75
2015/07,Outros Serviços de Terceiros - Pessoa Juríd,13668649.39
2015/07,Passagens e Despesas com Locomoção,751229.49
2015/08,Auxílio Financeiro a Estudantes,362040.39999999997
2015/08,Auxílio Financeiro a Pesquisadores,10240.0
2015/08,Contribuições,0.0
2015/08,Despesas de Exercícios Anteriores,66011.17000000001
2015/08,Diárias - Civil,354533.7
2015/08,Equipamentos e Material Permanente,2786055.2
2015/08,Indenizações e Restituições,958762.64
2015/08,Locação de Mão-de-Obra,2538106.44
2015/08,Material de Consumo,2276698.0
2015/08,"Material, Bem ou Serviço para Distribuição",0.0
2015/08,Obras e Instalações,19475.78
2015/08,Outros Auxílios Financeiros a Pessoas Físic,616085.85
2015/08,Outros Serviços de Terceiros - Pessoa Físic,1215919.7000000002
2015/08,Outros Serviços de Terceiros - Pessoa Juríd,16869631.509999998
2015/08,Passagens e Despesas com Locomoção,242010.32
2015/09,Auxílio Financeiro a Estudantes,150925.25
2015/09,Auxílio Financeiro a Pesquisadores,10240.0
2015/09,Despesas de Exercícios Anteriores,340308.96
2015/09,Diárias - Civil,151040.37
2015/09,Equipamentos e Material Permanente,2438222.25
2015/09,Indenizações e Restituições,1089766.37
2015/09,Locação de Mão-de-Obra,-43678.46
2015/09,Material de Consumo,2769887.19
2015/09,"Material, Bem ou Serviço para Distribuição",0.0
2015/09,Obras e Instalações,4224.91
2015/09,Outros Auxílios Financeiros a Pessoas Físic,1576510.04
2015/09,Outros Serviços de Terceiros - Pessoa Físic,338534.62
2015/09,Outros Serviços de Terceiros - Pessoa Juríd,2643016.0300000003
2015/09,Passagens e Despesas com Locomoção,178294.64
2015/10,Auxílio Financeiro a Estudantes,267863.70999999996
2015/10,Auxílio Financeiro a Pesquisadores,254823.2
2015/10,Contribuições,82640.11
2015/10,Despesas de Exercícios Anteriores,48201.200000000004
2015/10,Diárias - Civil,16881.739999999998
2015/10,Equipamentos e Material Permanente,4722303.67
2015/10,Indenizações e Restituições,1415866.7600000002
2015/10,Locação de Mão-de-Obra,-13375.28
2015/10,Material de Consumo,3788382.18
2015/10,"Material, Bem ou Serviço para Distribuição",17013.92
2015/10,Obras e Instalações,1297352.36
2015/10,Outros Auxílios Financeiros a Pessoas Físic,155926.0
2015/10,Outros Serviços de Terceiros - Pessoa Físic,236142.87
2015/10,Outros Serviços de Terceiros - Pessoa Juríd,5235289.9
2015/10,Passagens e Despesas com Locomoção,132401.78
2015/11,Auxílio Financeiro a Estudantes,815740.0
2015/11,Auxílio Financeiro a Pesquisadores,268920.0
2015/11,Contribuições,0.0
2015/11,Despesas de Exercícios Anteriores,70713.01000000001
2015/11,Diárias - Civil,-15621.099999999999
2015/11,Equipamentos e Material Permanente,3222358.2800000003
2015/11,Indenizações e Restituições,955655.84
2015/11,Locação de Mão-de-Obra,0.0
2015/11,Material de Consumo,3284011.02
2015/11,"Material, Bem ou Serviço para Distribuição",0.0
2015/11,Obras e Instalações,192378.89
2015/11,Outros Auxílios Financeiros a Pessoas Físic,1098787.13
2015/11,Outros Serviços de Terceiros - Pessoa Físic,545346.52
2015/11,Outros Serviços de Terceiros - Pessoa Juríd,13955148.93
2015/11,Passagens e Despesas com Locomoção,-41032.51
2015/12,Auxílio Financeiro a Estudantes,-864982.21
2015/12,Auxílio Financeiro a Pesquisadores,39356.4
2015/12,Contribuições,0.0
2015/12,Despesas de Exercícios Anteriores,167862.39
2015/12,Diárias - Civil,-605560.47
2015/12,Equipamentos e Material Permanente,0.0
2015/12,Indenizações e Restituições,929820.96
2015/12,Locação de Mão-de-Obra,0.0
2015/12,Material de Consumo,-44017.19
2015/12,"Material, Bem ou Serviço para Distribuição",0.0
2015/12,Obras e Instalações,0.0
2015/12,Outros Auxílios Financeiros a Pessoas Físic,-30279.72
2015/12,Outros Serviços de Terceiros - Pessoa Físic,-98187.16
2015/12,Outros Serviços de Terceiros - Pessoa Juríd,-79008.47
2015/12,Passagens e Despesas com Locomoção,-366998.37
2016/01,Auxílio Financeiro a Estudantes,1033240.0
2016/01,Auxílio Financeiro a Pesquisadores,0.0
2016/01,Contribuições,0.0
2016/01,Despesas de Exercícios Anteriores,57917.22
2016/01,Diárias - Civil,26030.0
2016/01,Equipamentos e Material Permanente,0.0
2016/01,Indenizações e Restituições,1831694.0100000002
2016/01,Locação de Mão-de-Obra,305190.35
2016/01,Material de Consumo,0.0
2016/01,Obras e Instalações,0.0
2016/01,Outros Auxílios Financeiros a Pessoas Físic,841598.68
2016/01,Outros Serviços de Terceiros - Pessoa Físic,2010.0
2016/01,Outros Serviços de Terceiros - Pessoa Juríd,2005131.42
2016/01,Passagens e Despesas com Locomoção,44710.0
2016/02,Auxílio Financeiro a Estudantes,2000017.8
2016/02,Auxílio Financeiro a Pesquisadores,0.0
2016/02,Contribuições,14400.67
2016/02,Despesas de Exercícios Anteriores,97128.95000000001
2016/02,Diárias - Civil,483804.5
2016/02,Equipamentos e Material Permanente,0.0
2016/02,Indenizações e Restituições,1168616.65
2016/02,Locação de Mão-de-Obra,1042829.96
2016/02,Material de Consumo,392634.60000000003
2016/02,"Material, Bem ou Serviço para Distribuição",0.0
2016/02,Obras e Instalações,71459.37
2016/02,Outros Auxílios Financeiros a Pessoas Físic,380632.2
2016/02,Outros Serviços de Terceiros - Pessoa Físic,192267.83000000002
2016/02,Outros Serviços de Terceiros - Pessoa Juríd,3871819.38
2016/02,Passagens e Despesas com Locomoção,405972.88
2016/03,Auxílio Financeiro a Estudantes,2343370.0
2016/03,Auxílio Financeiro a Pesquisadores,23040.0
2016/03,Contribuições,0.0
2016/03,Despesas de Exercícios Anteriores,98164.15999999999
2016/03,Diárias - Civil,46809.9
2016/03,Equipamentos e Material Permanente,0.0
2016/03,Indenizações e Restituições,1167080.39
2016/03,Locação de Mão-de-Obra,3460706.14
2016/03,Material de Consumo,631199.47
2016/03,"Material, Bem ou Serviço para Distribuição",0.0
2016/03,Obras e Instalações,0.0
2016/03,Outros Auxílios Financeiros a Pessoas Físic,609953.3
2016/03,Outros Serviços de Terceiros - Pessoa Físic,339760.66
2016/03,Outros Serviços de Terceiros - Pessoa Juríd,15709611.43
2016/03,Passagens e Despesas com Locomoção,89665.95
2016/04,Auxílio Financeiro a Estudantes,6758527.0
2016/04,Auxílio Financeiro a Pesquisadores,670330.0
2016/04,Contribuições,0.0
2016/04,Despesas de Exercícios Anteriores,100551.15000000001
2016/04,Diárias - Civil,97740.0
2016/04,Equipamentos e Material Permanente,112575.28
2016/04,Indenizações e Restituições,1160535.07
2016/04,Locação de Mão-de-Obra,-6397.81
2016/04,Material de Consumo,198401.61
2016/04,Obras e Instalações,0.0
2016/04,Outros Auxílios Financeiros a Pessoas Físic,1188621.8
2016/04,Outros Serviços de Terceiros - Pessoa Físic,261472.21000000002
2016/04,Outros Serviços de Terceiros - Pessoa Juríd,1342985.03
2016/04,Passagens e Despesas com Locomoção,102700.0
2016/05,Auxílio Financeiro a Estudantes,4133537.0
2016/05,Auxílio Financeiro a Pesquisadores,426190.0
2016/05,Contribuições,940.0
2016/05,Despesas de Exercícios Anteriores,251090.99000000002
2016/05,Diárias - Civil,513630.0
2016/05,Equipamentos e Material Permanente,428102.73
2016/05,Indenizações e Restituições,1344147.38
2016/05,Locação de Mão-de-Obra,2565340.38
2016/05,Material de Consumo,421740.19
2016/05,"Material, Bem ou Serviço para Distribuição",21721.79
2016/05,Obras e Instalações,0.0
2016/05,Outros Auxílios Financeiros a Pessoas Físic,897319.6399999999
2016/05,Outros Serviços de Terceiros - Pessoa Físic,1551811.2599999998
2016/05,Outros Serviços de Terceiros - Pessoa Juríd,2062712.45
2016/05,Passagens e Despesas com Locomoção,594940.32
2016/06,Auxílio Financeiro a Estudantes,1281727.0
2016/06,Auxílio Financeiro a Pesquisadores,38400.0
2016/06,Contribuições,0.0
2016/06,Despesas de Exercícios Anteriores,361209.76
2016/06,Diárias - Civil,292452.8
2016/06,Equipamentos e Material Permanente,213251.65
2016/06,Indenizações e Restituições,1344299.66
2016/06,Locação de Mão-de-Obra,134273.98
2016/06,Material de Consumo,1260657.98
2016/06,Obras e Instalações,0.0
2016/06,Outros Auxílios Financeiros a Pessoas Físic,875284.61
2016/06,Outros Serviços de Terceiros - Pessoa Físic,427960.35
2016/06,Outros Serviços de Terceiros - Pessoa Juríd,11025582.750000002
2016/06,Passagens e Despesas com Locomoção,342670.0
2016/07,Auxílio Financeiro a Estudantes,6538953.0
2016/07,Auxílio Financeiro a Pesquisadores,0.0
2016/07,Contribuições,0.0
2016/07,Despesas de Exercícios Anteriores,247018.62
2016/07,Diárias - Civil,311373.42
2016/07,Equipamentos e Material Permanente,260002.15
2016/07,Indenizações e Restituições,1338783.3900000001
2016/07,Locação de Mão-de-Obra,925479.23
2016/07,Material de Consumo,427662.88999999996
2016/07,Obras e Instalações,0.0
2016/07,Outros Auxílios Financeiros a Pessoas Físic,889224.8099999999
2016/07,Outros Serviços de Terceiros - Pessoa Físic,406388.28
2016/07,Outros Serviços de Terceiros - Pessoa Juríd,20179772.98
2016/07,Passagens e Despesas com Locomoção,397528.48
2016/08,Auxílio Financeiro a Estudantes,296652.14
2016/08,Auxílio Financeiro a Pesquisadores,84400.9
2016/08,Contribuições,4000.0
2016/08,Despesas de Exercícios Anteriores,120866.23
2016/08,Diárias - Civil,179792.58
2016/08,Equipamentos e Material Permanente,2588486.42
2016/08,Indenizações e Restituições,1340967.68
2016/08,Locação de Mão-de-Obra,0.0
2016/08,Material de Consumo,782995.48
2016/08,"Material, Bem ou Serviço para Distribuição",0.0
2016/08,Obras e Instalações,0.0
2016/08,Outros Auxílios Financeiros a Pessoas Físic,876431.4299999999
2016/08,Outros Serviços de Terceiros - Pessoa Físic,452433.1
2016/08,Outros Serviços de Terceiros - Pessoa Juríd,636973.93
2016/08,Passagens e Despesas com Locomoção,266500.82
2016/08,Serviços de Consultoria,7825.0
2016/09,Auxílio Financeiro a Estudantes,153846.11
2016/09,Auxílio Financeiro a Pesquisadores,82019.06
2016/09,Contribuições,3308.0
2016/09,Despesas de Exercícios Anteriores,282844.16000000003
2016/09,Diárias - Civil,218489.62
2016/09,Equipamentos e Material Permanente,1434573.95
2016/09,Indenizações e Restituições,1352096.34
2016/09,Locação de Mão-de-Obra,-510827.88
2016/09,Material de Consumo,863322.2799999999
2016/09,"Material, Bem ou Serviço para Distribuição",0.0
2016/09,Outros Auxílios Financeiros a Pessoas Físic,879233.5199999999
2016/09,Outros Serviços de Terceiros - Pessoa Físic,126594.57
2016/09,Outros Serviços de Terceiros - Pessoa Juríd,3466924.41
2016/09,Passagens e Despesas com Locomoção,178225.12
2016/10,Auxílio Financeiro a Estudantes,610484.2
2016/10,Auxílio Financeiro a Pesquisadores,55210.64
2016/10,Contribuições,77077.04
2016/10,Despesas de Exercícios Anteriores,100549.7
2016/10,Diárias - Civil,227219.54
2016/10,Equipamentos e Material Permanente,7076827.52
2016/10,Indenizações e Restituições,1345597.09
2016/10,Locação de Mão-de-Obra,275176.16
2016/10,Material de Consumo,2199743.96
2016/10,"Material, Bem ou Serviço para Distribuição",88398.17
2016/10,Obras e Instalações,107926.12
2016/10,Outros Auxílios Financeiros a Pessoas Físic,872572.6599999999
2016/10,Outros Serviços de Terceiros - Pessoa Físic,452052.61
2016/10,Outros Serviços de Terceiros - Pessoa Juríd,5041187.1
2016/10,Passagens e Despesas com Locomoção,395205.75
2016/10,Serviços de Consultoria,0.0
2016/11,Auxílio Financeiro a Estudantes,3482160.96
2016/11,Auxílio Financeiro a Pesquisadores,225425.46
2016/11,Contribuições,32150.53
2016/11,Despesas de Exercícios Anteriores,287024.47000000003
2016/11,Diárias - Civil,75919.85
2016/11,Equipamentos e Material Permanente,6852881.33
2016/11,Indenizações e Restituições,1557052.27
2016/11,Locação de Mão-de-Obra,125938.5
2016/11,Material de Consumo,3237652.4000000004
2016/11,"Material, Bem ou Serviço para Distribuição",0.0
2016/11,Obras e Instalações,1261641.01
2016/11,Outros Auxílios Financeiros a Pessoas Físic,1922947.6199999999
2016/11,Outros Serviços de Terceiros - Pessoa Físic,272005.02
2016/11,Outros Serviços de Terceiros - Pessoa Juríd,11510712.440000001
2016/11,Passagens e Despesas com Locomoção,132245.3
2016/11,Serviços de Consultoria,0.0
2016/12,Auxílio Financeiro a Estudantes,87380.33
2016/12,Auxílio Financeiro a Pesquisadores,308745.22
2016/12,Contribuições,-880.17
2016/12,Despesas de Exercícios Anteriores,1857737.85
2016/12,Diárias - Civil,-834678.52
2016/12,Equipamentos e Material Permanente,1266284.3
2016/12,Indenizações e Restituições,1134796.8699999999
2016/12,Locação de Mão-de-Obra,-0.02
2016/12,Material de Consumo,119275.11
2016/12,"Material, Bem ou Serviço para Distribuição",0.0
2016/12,Obras e Instalações,0.0
2016/12,Outros Auxílios Financeiros a Pessoas Físic,-27649.850000000002
2016/12,Outros Serviços de Terceiros - Pessoa Físic,-144544.81999999998
2016/12,Outros Serviços de Terceiros - Pessoa Juríd,-766514.2300000001
2016/12,Passagens e Despesas com Locomoção,-147403.66999999998
2017/01,Auxílio Financeiro a Estudantes,1663797.0
2017/01,Auxílio Financeiro a Pesquisadores,0.0
2017/01,Contribuições,10000.67
2017/01,Despesas de Exercícios Anteriores,615051.4199999999
2017/01,Diárias - Civil,58102.0
2017/01,Equipamentos e Material Permanente,0.0
2017/01,Indenizações e Restituições,1817723.43
2017/01,Locação de Mão-de-Obra,312969.25
2017/01,Material de Consumo,50000.0
2017/01,Obras e Instalações,0.0
2017/01,Outros Auxílios Financeiros a Pessoas Físic,872572.6599999999
2017/01,Outros Serviços de Terceiros - Pessoa Físic,45736.26
2017/01,Outros Serviços de Terceiros - Pessoa Juríd,3172813.43
2017/01,Passagens e Despesas com Locomoção,17900.0
2017/02,Auxílio Financeiro a Estudantes,2970695.6
2017/02,Auxílio Financeiro a Pesquisadores,0.0
2017/02,Contribuições,2750.0
2017/02,Despesas de Exercícios Anteriores,156114.81
2017/02,Diárias - Civil,79248.0
2017/02,Equipamentos e Material Permanente,0.0
2017/02,Indenizações e Restituições,1189432.66
2017/02,Locação de Mão-de-Obra,0.0
2017/02,Material de Consumo,82225.26
2017/02,Obras e Instalações,0.0
2017/02,Outros Auxílios Financeiros a Pessoas Físic,869242.23
2017/02,Outros Serviços de Terceiros - Pessoa Físic,229959.32
2017/02,Outros Serviços de Terceiros - Pessoa Juríd,1767315.91
2017/02,Passagens e Despesas com Locomoção,156180.0
2017/03,Auxílio Financeiro a Estudantes,1994510.0
2017/03,Auxílio Financeiro a Pesquisadores,0.0
2017/03,Contribuições,2000.0
2017/03,Despesas de Exercícios Anteriores,345063.57999999996
2017/03,Diárias - Civil,194428.62
2017/03,Equipamentos e Material Permanente,8900.66
2017/03,Indenizações e Restituições,1189801.53
2017/03,Locação de Mão-de-Obra,500980.53
2017/03,Material de Consumo,55770.07
2017/03,"Material, Bem ou Serviço para Distribuição",0.0
2017/03,Outros Auxílios Financeiros a Pessoas Físic,922529.11
2017/03,Outros Serviços de Terceiros - Pessoa Físic,314704.49
2017/03,Outros Serviços de Terceiros - Pessoa Juríd,5396908.85
2017/03,Passagens e Despesas com Locomoção,270649.72
2017/04,Auxílio Financeiro a Estudantes,2183125.0
2017/04,Auxílio Financeiro a Pesquisadores,26600.0
2017/04,Contribuições,500.0
2017/04,Despesas de Exercícios Anteriores,278329.4
2017/04,Diárias - Civil,53138.84
2017/04,Equipamentos e Material Permanente,0.0
2017/04,Indenizações e Restituições,1691934.01
2017/04,Locação de Mão-de-Obra,312270.75
2017/04,Material de Consumo,33873.15
2017/04,Outros Auxílios Financeiros a Pessoas Físic,1172311.36
2017/04,Outros Serviços de Terceiros - Pessoa Físic,223350.38
2017/04,Outros Serviços de Terceiros - Pessoa Juríd,6796202.510000001
2017/04,Passagens e Despesas com Locomoção,45700.69
2017/05,Auxílio Financeiro a Estudantes,20972623.94
2017/05,Auxílio Financeiro a Pesquisadores,64550.0
2017/05,Contribuições,4000.0
2017/05,Despesas de Exercícios Anteriores,112269.69999999998
2017/05,Diárias - Civil,1027784.63
2017/05,Equipamentos e Material Permanente,138868.15999999997
2017/05,Indenizações e Restituições,1200996.68
2017/05,Locação de Mão-de-Obra,644228.6
2017/05,Material de Consumo,709614.5700000001
2017/05,"Material, Bem ou Serviço para Distribuição",8559.92
2017/05,Outros Auxílios Financeiros a Pessoas Físic,1030435.05
2017/05,Outros Serviços de Terceiros - Pessoa Físic,467569.13
2017/05,Outros Serviços de Terceiros - Pessoa Juríd,16880483.39
2017/05,Passagens e Despesas com Locomoção,902576.63
2017/06,Auxílio Financeiro a Estudantes,-2900324.71
2017/06,Auxílio Financeiro a Pesquisadores,2100.0
2017/06,Contribuições,6000.0
2017/06,Despesas de Exercícios Anteriores,118274.93
2017/06,Diárias - Civil,63111.54
2017/06,Equipamentos e Material Permanente,230966.4
2017/06,Indenizações e Restituições,1515594.54
2017/06,Locação de Mão-de-Obra,1475439.75
2017/06,Material de Consumo,380252.19
2017/06,"Material, Bem ou Serviço para Distribuição",0.0
2017/06,Obras e Instalações,0.0
2017/06,Outros Auxílios Financeiros a Pessoas Físic,1904313.01
2017/06,Outros Serviços de Terceiros - Pessoa Físic,334997.19
2017/06,Outros Serviços de Terceiros - Pessoa Juríd,5152818.64
2017/06,Passagens e Despesas com Locomoção,214592.32
2017/07,Auxílio Financeiro a Estudantes,12850.0
2017/07,Auxílio Financeiro a Pesquisadores,27720.0
2017/07,Contribuições,7956.039999999999
2017/07,Despesas de Exercícios Anteriores,104975.07
2017/07,Diárias - Civil,190729.35
2017/07,Equipamentos e Material Permanente,920124.0900000001
2017/07,Indenizações e Restituições,1212989.02
2017/07,Locação de Mão-de-Obra,699993.75
2017/07,Material de Consumo,334564.69
2017/07,"Material, Bem ou Serviço para Distribuição",0.0
2017/07,Outros Auxílios Financeiros a Pessoas Físic,70964.76
2017/07,Outros Serviços de Terceiros - Pessoa Físic,200047.23
2017/07,Outros Serviços de Terceiros - Pessoa Juríd,6844316.45
2017/07,Passagens e Despesas com Locomoção,49606.11
2017/08,Auxílio Financeiro a Estudantes,63242.229999999996
2017/08,Auxílio Financeiro a Pesquisadores,6700.0
2017/08,Contribuições,1000.0
2017/08,Despesas de Exercícios Anteriores,184153.36
2017/08,Diárias - Civil,105294.68
2017/08,Equipamentos e Material Permanente,589652.15
2017/08,Indenizações e Restituições,1214444.48
2017/08,Locação de Mão-de-Obra,1087454.25
2017/08,Material de Consumo,741857.34
2017/08,"Material, Bem ou Serviço para Distribuição",5935.46
2017/08,Obras e Instalações,0.0
2017/08,Outros Auxílios Financeiros a Pessoas Físic,1014293.02
2017/08,Outros Serviços de Terceiros - Pessoa Físic,218645.49
2017/08,Outros Serviços de Terceiros - Pessoa Juríd,4799029.54
2017/08,Passagens e Despesas com Locomoção,44800.92
2017/09,Auxílio Financeiro a Estudantes,652490.0
2017/09,Auxílio Financeiro a Pesquisadores,22752.0
2017/09,Contribuições,14525.32
2017/09,Despesas de Exercícios Anteriores,58296.44
2017/09,Diárias - Civil,113214.42
2017/09,Equipamentos e Material Permanente,1327909.46
2017/09,Indenizações e Restituições,1217458.2
2017/09,Locação de Mão-de-Obra,1733934.76
2017/09,Material de Consumo,742611.0700000001
2017/09,Obras e Instalações,0.0
2017/09,Outros Auxílios Financeiros a Pessoas Físic,1569159.49
2017/09,Outros Serviços de Terceiros - Pessoa Físic,926815.64
2017/09,Outros Serviços de Terceiros - Pessoa Juríd,6598960.58
2017/09,Passagens e Despesas com Locomoção,81334.63
2017/10,Auxílio Financeiro a Estudantes,324815.0
2017/10,Auxílio Financeiro a Pesquisadores,12928.0
2017/10,Contribuições,83327.04
2017/10,Despesas de Exercícios Anteriores,71647.14
2017/10,Diárias - Civil,77807.34999999999
2017/10,Equipamentos e Material Permanente,7310249.64
2017/10,Indenizações e Restituições,1267120.97
2017/10,Locação de Mão-de-Obra,2223897.96
2017/10,Material de Consumo,1472562.15
2017/10,"Material, Bem ou Serviço para Distribuição",0.0
2017/10,Outros Auxílios Financeiros a Pessoas Físic,1065084.8699999999
2017/10,Outros Serviços de Terceiros - Pessoa Físic,298940.26
2017/10,Outros Serviços de Terceiros - Pessoa Juríd,5884214.07
2017/10,Passagens e Despesas com Locomoção,227590.97
2017/11,Auxílio Financeiro a Estudantes,343356.36
2017/11,Auxílio Financeiro a Pesquisadores,5359.45
2017/11,Contribuições,6200.0
2017/11,Despesas de Exercícios Anteriores,-128542.97
2017/11,Diárias - Civil,32897.22
2017/11,Equipamentos e Material Permanente,7591762.18
2017/11,Indenizações e Restituições,1523213.6
2017/11,Locação de Mão-de-Obra,-121156.57000000007
2017/11,Material de Consumo,3407673.4499999997
2017/11,"Material, Bem ou Serviço para Distribuição",43011.27
2017/11,Outros Auxílios Financeiros a Pessoas Físic,2437586.0
2017/11,Outros Serviços de Terceiros - Pessoa Físic,272002.94
2017/11,Outros Serviços de Terceiros - Pessoa Juríd,7701551.71
2017/11,Passagens e Despesas com Locomoção,112652.74
2017/12,Auxílio Financeiro a Estudantes,-536432.72
2017/12,Auxílio Financeiro a Pesquisadores,329479.46
2017/12,Contribuições,0.0
2017/12,Despesas de Exercícios Anteriores,346424.77999999997
2017/12,Diárias - Civil,-665624.6900000001
2017/12,Equipamentos e Material Permanente,2281880.29
2017/12,Indenizações e Restituições,1561684.7
2017/12,Locação de Mão-de-Obra,0.0
2017/12,Material de Consumo,908612.04
2017/12,"Material, Bem ou Serviço para Distribuição",0.0
2017/12,Obras e Instalações,0.0
2017/12,Outros Auxílios Financeiros a Pessoas Físic,521421.82
2017/12,Outros Serviços de Terceiros - Pessoa Físic,-18990.240000000005
2017/12,Outros Serviços de Terceiros - Pessoa Juríd,1470816.4500000002
2017/12,Passagens e Despesas com Locomoção,-28748.369999999995
2018/01,Auxílio Financeiro a Estudantes,3130194.6
2018/01,Auxílio Financeiro a Pesquisadores,0.0
2018/01,Contribuições,2000.0
2018/01,Despesas de Exercícios Anteriores,206825.81
2018/01,Diárias - Civil,7626.9
2018/01,Equipamentos e Material Permanente,90.0
2018/01,Indenizações e Restituições,1674039.0
2018/01,Locação de Mão-de-Obra,0.0
2018/01,Material de Consumo,10261.939999999999
2018/01,"Material, Bem ou Serviço para Distribuição",0.0
2018/01,Outros Auxílios Financeiros a Pessoas Físic,2018240.58
2018/01,Outros Serviços de Terceiros - Pessoa Físic,364.0
2018/01,Outros Serviços de Terceiros - Pessoa Juríd,42318.8
2018/01,Passagens e Despesas com Locomoção,5000.0
2018/02,Auxílio Financeiro a Estudantes,25039383.0
2018/02,Auxílio Financeiro a Pesquisadores,0.0
2018/02,Contribuições,21926.67
2018/02,Despesas de Exercícios Anteriores,45954.82
2018/02,Diárias - Civil,1136273.35
2018/02,Equipamentos e Material Permanente,24176.34
2018/02,Indenizações e Restituições,12986188.77
2018/02,Locação de Mão-de-Obra,773957.03
2018/02,Material de Consumo,38026.58
2018/02,Obras e Instalações,0.0
2018/02,Outros Auxílios Financeiros a Pessoas Físic,0.0
2018/02,Outros Serviços de Terceiros - Pessoa Físic,283932.0
2018/02,Outros Serviços de Terceiros - Pessoa Juríd,3704869.4199999995
2018/02,Passagens e Despesas com Locomoção,10000.0
2018/03,Auxílio Financeiro a Estudantes,1016700.0
2018/03,Auxílio Financeiro a Pesquisadores,25000.0
2018/03,Contribuições,13000.21
2018/03,Despesas de Exercícios Anteriores,207907.78
2018/03,Diárias - Civil,632889.03
2018/03,Equipamentos e Material Permanente,85625.84999999999
2018/03,Indenizações e Restituições,1200.0
2018/03,Locação de Mão-de-Obra,1547894.06
2018/03,Material de Consumo,368486.25
2018/03,"Material, Bem ou Serviço para Distribuição",0.0
2018/03,Outros Auxílios Financeiros a Pessoas Físic,1700485.5899999999
2018/03,Outros Serviços de Terceiros - Pessoa Físic,696244.44
2018/03,Outros Serviços de Terceiros - Pessoa Juríd,13122304.0
2018/03,Passagens e Despesas com Locomoção,507392.18000000005
2018/04,Auxílio Financeiro a Estudantes,383440.0
2018/04,Auxílio Financeiro a Pesquisadores,232000.0
2018/04,Contribuições,63188.42
2018/04,Despesas de Exercícios Anteriores,95401.13
2018/04,Diárias - Civil,-24200.02
2018/04,Equipamentos e Material Permanente,12397.68
2018/04,Indenizações e Restituições,261200.0
2018/04,Locação de Mão-de-Obra,145436.35
2018/04,Material de Consumo,556626.4099999999
2018/04,"Material, Bem ou Serviço para Distribuição",6565.3
2018/04,Outros Auxílios Financeiros a Pessoas Físic,1641061.67
2018/04,Outros Serviços de Terceiros - Pessoa Físic,214206.49
2018/04,Outros Serviços de Terceiros - Pessoa Juríd,549215.17
2018/04,Passagens e Despesas com Locomoção,288015.88
2018/04,Serviços de Tecnologia da Informação e Com,20653.53
2018/05,Auxílio Financeiro a Estudantes,575957.3
2018/05,Auxílio Financeiro a Pesquisadores,44699.0
2018/05,Contribuições,0.0
2018/05,Despesas de Exercícios Anteriores,663125.0800000001
2018/05,Diárias - Civil,513240.37
2018/05,Equipamentos e Material Permanente,338218.9
2018/05,Indenizações e Restituições,1200.0
2018/05,Locação de Mão-de-Obra,960008.8
2018/05,Material de Consumo,328059.4
2018/05,"Material, Bem ou Serviço para Distribuição",3780.4
2018/05,Outros Auxílios Financeiros a Pessoas Físic,1052415.91
2018/05,Outros Serviços de Terceiros - Pessoa Físic,432359.26
2018/05,Outros Serviços de Terceiros - Pessoa Juríd,14012977.41
2018/05,Passagens e Despesas com Locomoção,642788.6
2018/05,Serviços de Tecnologia da Informação e Com,328.0
2018/06,Auxílio Financeiro a Estudantes,101325.0
2018/06,Auxílio Financeiro a Pesquisadores,0.0
2018/06,Contribuições,6260.0
2018/06,Despesas de Exercícios Anteriores,254924.24
2018/06,Diárias - Civil,43828.22
2018/06,Equipamentos e Material Permanente,63000.43
2018/06,Indenizações e Restituições,-903006.56
2018/06,Locação de Mão-de-Obra,884875.06
2018/06,Material de Consumo,523772.91000000003
2018/06,"Material, Bem ou Serviço para Distribuição",0.0
2018/06,Obras e Instalações,0.0
2018/06,Outros Auxílios Financeiros a Pessoas Físic,1097160.1400000001
2018/06,Outros Serviços de Terceiros - Pessoa Físic,193418.01
2018/06,Outros Serviços de Terceiros - Pessoa Juríd,10899883.07
2018/06,Passagens e Despesas com Locomoção,222122.48
2018/06,Serviços de Tecnologia da Informação e Com,2081.12
2018/07,Auxílio Financeiro a Estudantes,238655.03999999998
2018/07,Auxílio Financeiro a Pesquisadores,12838.0
2018/07,Contribuições,6901.22
2018/07,Despesas de Exercícios Anteriores,188445.15000000002
2018/07,Diárias - Civil,64142.350000000006
2018/07,Equipamentos e Material Permanente,852851.55
2018/07,Indenizações e Restituições,134451.58
2018/07,Locação de Mão-de-Obra,0.0
2018/07,Material de Consumo,243665.79
2018/07,"Material, Bem ou Serviço para Distribuição",0.0
2018/07,Obras e Instalações,0.0
2018/07,Outros Auxílios Financeiros a Pessoas Físic,4145507.97
2018/07,Outros Serviços de Terceiros - Pessoa Físic,272576.76
2018/07,Outros Serviços de Terceiros - Pessoa Juríd,319656.13
2018/07,Passagens e Despesas com Locomoção,-22872.410000000003
2018/07,Serviços de Tecnologia da Informação e Com,17351.31
2018/08,Auxílio Financeiro a Estudantes,225502.53
2018/08,Auxílio Financeiro a Pesquisadores,0.0
2018/08,Contribuições,0.0
2018/08,Despesas de Exercícios Anteriores,104758.93000000001
2018/08,Diárias - Civil,143446.47
2018/08,Diárias - Militar,3000.0
2018/08,Equipamentos e Material Permanente,400684.64999999997
2018/08,Indenizações e Restituições,141278.58
2018/08,Locação de Mão-de-Obra,1140560.0
2018/08,Material de Consumo,797325.53
2018/08,"Material, Bem ou Serviço para Distribuição",49496.0
2018/08,Obras e Instalações,0.0
2018/08,Outros Auxílios Financeiros a Pessoas Físic,41000.0
2018/08,Outros Serviços de Terceiros - Pessoa Físic,265530.81
2018/08,Outros Serviços de Terceiros - Pessoa Juríd,6345441.71
2018/08,Passagens e Despesas com Locomoção,-71885.86
2018/08,Serviços de Tecnologia da Informação e Com,1370.53
2018/09,Auxílio Financeiro a Estudantes,82200.67
2018/09,Auxílio Financeiro a Pesquisadores,3385.24
2018/09,Contribuições,44264.82
2018/09,Despesas de Exercícios Anteriores,60567.659999999996
2018/09,Diárias - Civil,64090.52
2018/09,Diárias - Militar,4200.0
2018/09,Equipamentos e Material Permanente,2706364.41
2018/09,Indenizações e Restituições,133923.13
2018/09,Locação de Mão-de-Obra,0.0
2018/09,Material de Consumo,298442.52
2018/09,"Material, Bem ou Serviço para Distribuição",19086.85
2018/09,Obras e Instalações,0.0
2018/09,Outros Auxílios Financeiros a Pessoas Físic,0.0
2018/09,Outros Serviços de Terceiros - Pessoa Físic,292635.45999999996
2018/09,Outros Serviços de Terceiros - Pessoa Juríd,1109929.32
2018/09,Passagens e Despesas com Locomoção,310764.32
2018/09,Serviços de Tecnologia da Informação e Com,12534.0
2018/10,Auxílio Financeiro a Estudantes,153205.0
2018/10,Auxílio Financeiro a Pesquisadores,7050.0
2018/10,Contribuições,0.0
2018/10,Despesas de Exercícios Anteriores,91469.65
2018/10,Diárias - Civil,202287.82
2018/10,Diárias - Militar,0.0
2018/10,Equipamentos e Material Permanente,2223604.42
2018/10,Indenizações e Restituições,218331.3
2018/10,Locação de Mão-de-Obra,1203295.1800000002
2018/10,Material de Consumo,1647780.09
2018/10,"Material, Bem ou Serviço para Distribuição",0.0
2018/10,Obras e Instalações,0.0
2018/10,Outros Auxílios Financeiros a Pessoas Físic,50943.82
2018/10,Outros Serviços de Terceiros - Pessoa Físic,1083682.99
2018/10,Outros Serviços de Terceiros - Pessoa Juríd,11231845.520000001
2018/10,Passagens e Despesas com Locomoção,155438.81
2018/10,Serviços de Tecnologia da Informação e Com,35936.53
2018/11,Auxílio Financeiro a Estudantes,3430607.25
2018/11,Auxílio Financeiro a Pesquisadores,4368.0
2018/11,Contribuições,-22425.620000000003
2018/11,Despesas de Exercícios Anteriores,473124.19
2018/11,Diárias - Civil,44049.99
2018/11,Equipamentos e Material Permanente,4315876.82
2018/11,Indenizações e Restituições,1000705.47
2018/11,Locação de Mão-de-Obra,137822.5
2018/11,Material de Consumo,3450717.78
2018/11,"Material, Bem ou Serviço para Distribuição",0.0
2018/11,Obras e Instalações,176699.2
2018/11,Outros Auxílios Financeiros a Pessoas Físic,1917020.57
2018/11,Outros Serviços de Terceiros - Pessoa Físic,153935.0
2018/11,Outros Serviços de Terceiros - Pessoa Juríd,12560710.709999999
2018/11,Passagens e Despesas com Locomoção,312962.89
2018/11,Serviços de Tecnologia da Informação e Com,932771.3300000001
2018/12,Auxílio Financeiro a Estudantes,231580.1
2018/12,Auxílio Financeiro a Pesquisadores,659727.36
2018/12,Contribuições,5400.0
2018/12,Despesas de Exercícios Anteriores,168333.00999999998
2018/12,Diárias - Civil,-1028339.59
2018/12,Diárias - Militar,-78.1
2018/12,Equipamentos e Material Permanente,4338921.93
2018/12,Indenizações e Restituições,413599.43999999994
2018/12,Locação de Mão-de-Obra,835907.15
2018/12,Material de Consumo,186238.58000000002
2018/12,"Material, Bem ou Serviço para Distribuição",0.0
2018/12,Outros Auxílios Financeiros a Pessoas Físic,-56641.45
2018/12,Outros Serviços de Terceiros - Pessoa Físic,-15632.720000000001
2018/12,Outros Serviços de Terceiros - Pessoa Juríd,-1150116.21
2018/12,Passagens e Despesas com Locomoção,-1278.910000000001
2018/12,Serviços de Consultoria,17000.0
2018/12,Serviços de Tecnologia da Informação e Com,1322212.2
2019/01,Auxílio Financeiro a Estudantes,3274468.8
2019/01,Auxílio Financeiro a Pesquisadores,0.0
2019/01,Contribuições,31564.74
2019/01,Despesas de Exercícios Anteriores,124393.9
2019/01,Diárias - Civil,122330.0
2019/01,Equipamentos e Material Permanente,0.0
2019/01,Indenizações e Restituições,13831817.33
2019/01,Locação de Mão-de-Obra,40.0
2019/01,Material de Consumo,25503.6
2019/01,Outros Auxílios Financeiros a Pessoas Físic,1042424.59
2019/01,Outros Serviços de Terceiros - Pessoa Físic,10920.0
2019/01,Outros Serviços de Terceiros - Pessoa Juríd,4553.15
2019/01,Passagens e Despesas com Locomoção,60000.0
2019/01,Serviços de Consultoria,0.0
2019/01,Serviços de Tecnologia da Informação e Com,267.0
2019/02,Auxílio Financeiro a Estudantes,1944046.8
2019/02,Auxílio Financeiro a Pesquisadores,0.0
2019/02,Contribuições,0.0
2019/02,Despesas de Exercícios Anteriores,515796.51999999996
2019/02,Diárias - Civil,66357.6
2019/02,Equipamentos e Material Permanente,10704.0
2019/02,Indenizações e Restituições,2400.0
2019/02,Locação de Mão-de-Obra,321440.77999999997
2019/02,Material de Consumo,163298.37
2019/02,"Material, Bem ou Serviço para Distribuição",0.0
2019/02,Outros Auxílios Financeiros a Pessoas Físic,1042424.59
2019/02,Outros Serviços de Terceiros - Pessoa Físic,179627.74000000002
2019/02,Outros Serviços de Terceiros - Pessoa Juríd,2712976.47
2019/02,Passagens e Despesas com Locomoção,140119.0
2019/02,Serviços de Tecnologia da Informação e Com,0.0
2019/03,Auxílio Financeiro a Estudantes,2501188.3
2019/03,Auxílio Financeiro a Pesquisadores,0.0
2019/03,Contribuições,38990.88
2019/03,Despesas de Exercícios Anteriores,100115.46
2019/03,Diárias - Civil,266815.49
2019/03,Diárias - Militar,4000.0
2019/03,Equipamentos e Material Permanente,0.0
2019/03,Indenizações e Restituições,520.25
2019/03,Locação de Mão-de-Obra,21600.0
2019/03,Material de Consumo,130475.26
2019/03,Outros Auxílios Financeiros a Pessoas Físic,1042424.59
2019/03,Outros Serviços de Terceiros - Pessoa Físic,132745.82
2019/03,Outros Serviços de Terceiros - Pessoa Juríd,1641160.5999999999
2019/03,Passagens e Despesas com Locomoção,270050.21
2019/03,Serviços de Tecnologia da Informação e Com,12335.0
2019/04,Auxílio Financeiro a Estudantes,2536640.0
2019/04,Auxílio Financeiro a Pesquisadores,0.0
2019/04,Contribuições,31564.73
2019/04,Despesas de Exercícios Anteriores,60015.659999999996
2019/04,Diárias - Civil,41976.7
2019/04,Equipamentos e Material Permanente,0.0
2019/04,Indenizações e Restituições,0.0
2019/04,Locação de Mão-de-Obra,639442.14
2019/04,Material de Consumo,41040.89
2019/04,"Material, Bem ou Serviço para Distribuição",0.0
2019/04,Obras e Instalações,0.0
2019/04,Outros Auxílios Financeiros a Pessoas Físic,1015781.15
2019/04,Outros Serviços de Terceiros - Pessoa Físic,247391.96000000002
2019/04,Outros Serviços de Terceiros - Pessoa Juríd,10936061.459999999
2019/04,Passagens e Despesas com Locomoção,114982.45999999999
2019/04,Serviços de Tecnologia da Informação e Com,16510.4
2019/05,Auxílio Financeiro a Estudantes,3479931.05
2019/05,Auxílio Financeiro a Pesquisadores,331900.0
2019/05,Contribuições,0.0
2019/05,Despesas de Exercícios Anteriores,156870.81
2019/05,Diárias - Civil,282238.6
2019/05,Equipamentos e Material Permanente,0.0
2019/05,Indenizações e Restituições,444828.67
2019/05,Locação de Mão-de-Obra,318071.36
2019/05,Material de Consumo,553438.63
2019/05,"Material, Bem ou Serviço para Distribuição",16529.76
2019/05,Obras e Instalações,0.0
2019/05,Outros Auxílios Financeiros a Pessoas Físic,2031562.3
2019/05,Outros Serviços de Terceiros - Pessoa Físic,337196.19
2019/05,Outros Serviços de Terceiros - Pessoa Juríd,5920587.01
2019/05,Passagens e Despesas com Locomoção,409260.33999999997
2019/05,Serviços de Tecnologia da Informação e Com,21425.47
2019/06,Auxílio Financeiro a Estudantes,3210239.9299999997
2019/06,Auxílio Financeiro a Pesquisadores,34432.15
2019/06,Contribuições,0.0
2019/06,Despesas de Exercícios Anteriores,85939.6
2019/06,Diárias - Civil,579878.67
2019/06,Equipamentos e Material Permanente,14270.0
2019/06,Indenizações e Restituições,3700.0
2019/06,Locação de Mão-de-Obra,0.0
2019/06,Material de Consumo,55385.95
2019/06,"Material, Bem ou Serviço para Distribuição",0.0
2019/06,Obras e Instalações,0.0
2019/06,Outros Auxílios Financeiros a Pessoas Físic,20660.68
2019/06,Outros Serviços de Terceiros - Pessoa Físic,111390.82999999999
2019/06,Outros Serviços de Terceiros - Pessoa Juríd,3600854.5500000003
2019/06,Passagens e Despesas com Locomoção,629289.6699999999
2019/06,Serviços de Tecnologia da Informação e Com,172064.54
2019/07,Auxílio Financeiro a Estudantes,3034700.32
2019/07,Auxílio Financeiro a Pesquisadores,2500.0
2019/07,Despesas de Exercícios Anteriores,46967.0
2019/07,Diárias - Civil,74047.06
2019/07,Equipamentos e Material Permanente,21850.0
2019/07,Indenizações e Restituições,13312.44
2019/07,Locação de Mão-de-Obra,331059.25
2019/07,Material de Consumo,547137.85
2019/07,"Material, Bem ou Serviço para Distribuição",0.0
2019/07,Obras e Instalações,0.0
2019/07,Outros Auxílios Financeiros a Pessoas Físic,893666.9
2019/07,Outros Serviços de Terceiros - Pessoa Físic,436707.03
2019/07,Outros Serviços de Terceiros - Pessoa Juríd,5638438.12
2019/07,Passagens e Despesas com Locomoção,100348.86
2019/07,Serviços de Tecnologia da Informação e Com,61049.55
2019/08,Auxílio Financeiro a Estudantes,3308156.66
2019/08,Auxílio Financeiro a Pesquisadores,6068.37
2019/08,Despesas de Exercícios Anteriores,55409.25
2019/08,Diárias - Civil,39451.69
2019/08,Equipamentos e Material Permanente,207042.37
2019/08,Indenizações e Restituições,0.0
2019/08,Locação de Mão-de-Obra,246381.19
2019/08,Material de Consumo,507995.24
2019/08,Outros Auxílios Financeiros a Pessoas Físic,950000.0
2019/08,Outros Serviços de Terceiros - Pessoa Físic,327701.06
2019/08,Outros Serviços de Terceiros - Pessoa Juríd,4055541.1500000004
2019/08,Passagens e Despesas com Locomoção,-51068.79
2019/08,Serviços de Tecnologia da Informação e Com,4792.76
2019/09,Auxílio Financeiro a Estudantes,3337898.13
2019/09,Auxílio Financeiro a Pesquisadores,65162.29
2019/09,Contribuições,5000.0
2019/09,Despesas de Exercícios Anteriores,37418.04
2019/09,Diárias - Civil,71042.33
2019/09,Equipamentos e Material Permanente,13060.79
2019/09,Indenizações e Restituições,0.0
2019/09,Locação de Mão-de-Obra,231362.3
2019/09,Material de Consumo,360022.84
2019/09,Obras e Instalações,0.0
2019/09,Outros Auxílios Financeiros a Pessoas Físic,1117359.27
2019/09,Outros Serviços de Terceiros - Pessoa Físic,267218.37
2019/09,Outros Serviços de Terceiros - Pessoa Juríd,4488053.83
2019/09,Passagens e Despesas com Locomoção,115331.32
2019/09,Serviços de Tecnologia da Informação e Com,4014.1
2019/10,Auxílio Financeiro a Estudantes,5207921.19
2019/10,Auxílio Financeiro a Pesquisadores,39078.16
2019/10,Despesas de Exercícios Anteriores,83374.31
2019/10,Diárias - Civil,149399.3
2019/10,Equipamentos e Material Permanente,890566.08
2019/10,Indenizações e Restituições,1060.0
2019/10,Locação de Mão-de-Obra,848602.98
2019/10,Material de Consumo,3149802.13
2019/10,"Material, Bem ou Serviço para Distribuição",21851.5
2019/10,Obras e Instalações,0.0
2019/10,Outros Auxílios Financeiros a Pessoas Físic,1117359.27
2019/10,Outros Serviços de Terceiros - Pessoa Físic,402775.13999999996
2019/10,Outros Serviços de Terceiros - Pessoa Juríd,16870731.23
2019/10,Passagens e Despesas com Locomoção,236369.5
2019/10,Serviços de Tecnologia da Informação e Com,7787.37
2019/11,Auxílio Financeiro a Estudantes,6262658.73
2019/11,Auxílio Financeiro a Pesquisadores,674.6700000000001
2019/11,Contribuições,27522.3
2019/11,Despesas de Exercícios Anteriores,898251.78
2019/11,Diárias - Civil,170247.24
2019/11,Equipamentos e Material Permanente,4382770.55
2019/11,Indenizações e Restituições,535778.0
2019/11,Locação de Mão-de-Obra,56956.63
2019/11,Material de Consumo,1531128.9
2019/11,"Material, Bem ou Serviço para Distribuição",37219.77
2019/11,Obras e Instalações,64187.13
2019/11,Outros Auxílios Financeiros a Pessoas Físic,1117359.27
2019/11,Outros Serviços de Terceiros - Pessoa Físic,804075.7100000001
2019/11,Outros Serviços de Terceiros - Pessoa Juríd,21032492.23
2019/11,Passagens e Despesas com Locomoção,327759.17
2019/11,Serviços de Tecnologia da Informação e Com,484567.14
2019/12,Auxílio Financeiro a Estudantes,23378.28
2019/12,Auxílio Financeiro a Pesquisadores,175233.55
2019/12,Contribuições,8575.9
2019/12,Despesas de Exercícios Anteriores,45658.380000000005
2019/12,Diárias - Civil,-487835.32
2019/12,Diárias - Militar,-190.05
2019/12,Equipamentos e Material Permanente,3629524.27
2019/12,Indenizações e Restituições,714875.82
2019/12,Locação de Mão-de-Obra,158825.0
2019/12,Material de Consumo,543978.23
2019/12,"Material, Bem ou Serviço para Distribuição",0.0
2019/12,Obras e Instalações,318980.0
2019/12,Outros Auxílios Financeiros a Pessoas Físic,490257.3
2019/12,Outros Serviços de Terceiros - Pessoa Físic,-90545.0
2019/12,Outros Serviços de Terceiros - Pessoa Juríd,1442060.37
2019/12,Passagens e Despesas com Locomoção,38190.26
2019/12,Serviços de Tecnologia da Informação e Com,312861.8
2020/01,Auxílio Financeiro a Estudantes,1748863.0
2020/01,Auxílio Financeiro a Pesquisadores,17500.0
2020/01,Despesas de Exercícios Anteriores,168544.3
2020/01,Diárias - Civil,18910.190000000002
2020/01,Equipamentos e Material Permanente,0.0
2020/01,Indenizações e Restituições,2227628.37
2020/01,Locação de Mão-de-Obra,265869.94
2020/01,Material de Consumo,139.58
2020/01,Obras e Instalações,0.0
2020/01,Outros Auxílios Financeiros a Pessoas Físic,1015781.15
2020/01,Outros Serviços de Terceiros - Pessoa Físic,0.0
2020/01,Outros Serviços de Terceiros - Pessoa Juríd,4160880.3499999996
2020/01,Passagens e Despesas com Locomoção,12010.0
2020/01,Serviços de Tecnologia da Informação e Com,3274.4
2020/02,Auxílio Financeiro a Estudantes,1955814.0
2020/02,Auxílio Financeiro a Pesquisadores,0.0
2020/02,Contribuições,0.0
2020/02,Despesas de Exercícios Anteriores,65182.84
2020/02,Diárias - Civil,242878.61
2020/02,Equipamentos e Material Permanente,0.0
2020/02,Indenizações e Restituições,1158274.6
2020/02,Locação de Mão-de-Obra,0.0
2020/02,Material de Consumo,1345.58
2020/02,"Material, Bem ou Serviço para Distribuição",0.0
2020/02,Outros Auxílios Financeiros a Pessoas Físic,1015781.15
2020/02,Outros Serviços de Terceiros - Pessoa Físic,44263.0
2020/02,Outros Serviços de Terceiros - Pessoa Juríd,615597.0
2020/02,Passagens e Despesas com Locomoção,189009.44
2020/02,Serviços de Tecnologia da Informação e Com,2922.0
2020/03,Auxílio Financeiro a Estudantes,2530853.9
2020/03,Auxílio Financeiro a Pesquisadores,0.0
2020/03,Contribuições,0.0
2020/03,Despesas de Exercícios Anteriores,102620.08
2020/03,Diárias - Civil,45160.28
2020/03,Equipamentos e Material Permanente,8722.65
2020/03,Indenizações e Restituições,1166481.85
2020/03,Locação de Mão-de-Obra,346853.10000000003
2020/03,Material de Consumo,120293.01999999999
2020/03,"Material, Bem ou Serviço para Distribuição",0.0
2020/03,Outros Auxílios Financeiros a Pessoas Físic,1015781.15
2020/03,Outros Serviços de Terceiros - Pessoa Físic,114421.42
2020/03,Outros Serviços de Terceiros - Pessoa Juríd,5626915.5200000005
2020/03,Passagens e Despesas com Locomoção,56753.4
2020/03,Serviços de Tecnologia da Informação e Com,5646.2
2020/04,Auxílio Financeiro a Estudantes,19977702.009999998
2020/04,Auxílio Financeiro a Pesquisadores,0.0
2020/04,Despesas de Exercícios Anteriores,121180.05
2020/04,Diárias - Civil,8352.0
2020/04,Equipamentos e Material Permanente,409919.9
2020/04,Indenizações e Restituições,1162812.14
2020/04,Locação de Mão-de-Obra,250573.27
2020/04,Material de Consumo,93195.34999999999
2020/04,Outros Auxílios Financeiros a Pessoas Físic,1049085.45
2020/04,Outros Serviços de Terceiros - Pessoa Físic,174912.36000000002
2020/04,Outros Serviços de Terceiros - Pessoa Juríd,3966283.3
2020/04,Passagens e Despesas com Locomoção,-3592.17
2020/04,Serviços de Tecnologia da Informação e Com,0.0
2020/05,Auxílio Financeiro a Estudantes,960164.3400000001
2020/05,Auxílio Financeiro a Pesquisadores,0.0
2020/05,Contribuições,0.0
2020/05,Despesas de Exercícios Anteriores,61394.46
2020/05,Diárias - Civil,2700.0
2020/05,Equipamentos e Material Permanente,293830.81999999995
2020/05,Indenizações e Restituições,1162160.12
2020/05,Locação de Mão-de-Obra,261414.69999999998
2020/05,Material de Consumo,186790.9
2020/05,"Material, Bem ou Serviço para Distribuição",0.0
2020/05,Outros Auxílios Financeiros a Pessoas Físic,5245427.25
2020/05,Outros Serviços de Terceiros - Pessoa Físic,1072951.44
2020/05,Outros Serviços de Terceiros - Pessoa Juríd,1963011.93
2020/05,Passagens e Despesas com Locomoção,0.0
2020/05,Serviços de Tecnologia da Informação e Com,90803.57
2020/06,Auxílio Financeiro a Estudantes,675566.0
2020/06,Auxílio Financeiro a Pesquisadores,201400.0
2020/06,Contribuições,104073.99
2020/06,Despesas de Exercícios Anteriores,83041.59
2020/06,Diárias - Civil,795.79
2020/06,Equipamentos e Material Permanente,1964764.2300000002
2020/06,Indenizações e Restituições,2690217.29
2020/06,Locação de Mão-de-Obra,695069.87
2020/06,Material de Consumo,117856.81000000001
2020/06,Outros Auxílios Financeiros a Pessoas Físic,460000.0
2020/06,Outros Serviços de Terceiros - Pessoa Físic,400483.61000000004
2020/06,Outros Serviços de Terceiros - Pessoa Juríd,27243923.259999998
2020/06,Passagens e Despesas com Locomoção,-12089.53
2020/06,Serviços de Tecnologia da Informação e Com,195618.14
2020/07,Auxílio Financeiro a Estudantes,1944980.9000000001
2020/07,Auxílio Financeiro a Pesquisadores,0.0
2020/07,Contribuições,0.0
2020/07,Despesas de Exercícios Anteriores,7320.870000000001
2020/07,Diárias - Civil,-3998.32
2020/07,Equipamentos e Material Permanente,-91745.69
2020/07,Indenizações e Restituições,685969.49
2020/07,Locação de Mão-de-Obra,584398.91
2020/07,Material de Consumo,205633.97
2020/07,Outros Auxílios Financeiros a Pessoas Físic,170000.0
2020/07,Outros Serviços de Terceiros - Pessoa Físic,159840.58000000002
2020/07,Outros Serviços de Terceiros - Pessoa Juríd,6851279.38
2020/07,Passagens e Despesas com Locomoção,7239.76
2020/07,Serviços de Tecnologia da Informação e Com,42879.2
2020/08,Auxílio Financeiro a Estudantes,15140946.78
2020/08,Auxílio Financeiro a Pesquisadores,0.0
2020/08,Contribuições,0.0
2020/08,Despesas de Exercícios Anteriores,37870.0
2020/08,Diárias - Civil,-7000.0
2020/08,Equipamentos e Material Permanente,3975.050000000003
2020/08,Indenizações e Restituições,784444.0
2020/08,Locação de Mão-de-Obra,4914.18
2020/08,Material de Consumo,195411.82
2020/08,Outros Auxílios Financeiros a Pessoas Físic,181000.0
2020/08,Outros Serviços de Terceiros - Pessoa Físic,97597.01999999999
2020/08,Outros Serviços de Terceiros - Pessoa Juríd,1296842.8199999998
2020/08,Serviços de Tecnologia da Informação e Com,1805.4
2020/09,Auxílio Financeiro a Estudantes,-595493.65
2020/09,Auxílio Financeiro a Pesquisadores,0.0
2020/09,Despesas de Exercícios Anteriores,174915.99
2020/09,Diárias - Civil,-15912.720000000001
2020/09,Equipamentos e Material Permanente,1070775.78
2020/09,Indenizações e Restituições,1214225.2
2020/09,Locação de Mão-de-Obra,0.0
2020/09,Material de Consumo,1253133.77
2020/09,Outros Auxílios Financeiros a Pessoas Físic,0.0
2020/09,Outros Serviços de Terceiros - Pessoa Físic,98382.6
2020/09,Outros Serviços de Terceiros - Pessoa Juríd,1733050.59
2020/09,Passagens e Despesas com Locomoção,-11398.48
2020/09,Serviços de Tecnologia da Informação e Com,0.0
2020/10,Auxílio Financeiro a Estudantes,925909.76
2020/10,Auxílio Financeiro a Pesquisadores,0.0
2020/10,Contribuições,37900.21
2020/10,Despesas de Exercícios Anteriores,31444.91
2020/10,Diárias - Civil,-6206.999999999996
2020/10,Equipamentos e Material Permanente,2250558.3200000003
2020/10,Indenizações e Restituições,1530212.62
2020/10,Locação de Mão-de-Obra,0.0
2020/10,Material de Consumo,1209599.99
2020/10,Outros Auxílios Financeiros a Pessoas Físic,3009428.5
2020/10,Outros Serviços de Terceiros - Pessoa Físic,131730.01
2020/10,Outros Serviços de Terceiros - Pessoa Juríd,-6739037.9799999995
2020/10,Passagens e Despesas com Locomoção,-21895.25
2020/10,Serviços de Tecnologia da Informação e Com,-1829.2
2020/11,Auxílio Financeiro a Estudantes,-1534933.97
2020/11,Auxílio Financeiro a Pesquisadores,0.0
2020/11,Contribuições,4893.0
2020/11,Despesas de Exercícios Anteriores,16414.07
2020/11,Diárias - Civil,7182.4100000000035
2020/11,Equipamentos e Material Permanente,2452523.9699999997
2020/11,Indenizações e Restituições,1156815.54
2020/11,Locação de Mão-de-Obra,0.0
2020/11,Material de Consumo,673924.37
2020/11,Obras e Instalações,0.0
2020/11,Outros Auxílios Financeiros a Pessoas Físic,-165000.0
2020/11,Outros Serviços de Terceiros - Pessoa Físic,257675.23
2020/11,Outros Serviços de Terceiros - Pessoa Juríd,4605880.11
2020/11,Passagens e Despesas com Locomoção,-19199.68
2020/11,Serviços de Tecnologia da Informação e Com,303036.95
2020/12,Auxílio Financeiro a Estudantes,-2121309.1500000004
2020/12,Auxílio Financeiro a Pesquisadores,5718500.0
2020/12,Contribuições,27343.73
2020/12,Despesas de Exercícios Anteriores,-62215.83
2020/12,Diárias - Civil,-186960.95
2020/12,Equipamentos e Material Permanente,7567023.3100000005
2020/12,Indenizações e Restituições,470927.3400000001
2020/12,Locação de Mão-de-Obra,6033691.42
2020/12,Material de Consumo,652089.91
2020/12,"Material, Bem ou Serviço para Distribuição",0.0
2020/12,Obras e Instalações,2368045.3600000003
2020/12,Outros Auxílios Financeiros a Pessoas Físic,-229211.30000000002
2020/12,Outros Serviços de Terceiros - Pessoa Físic,212860.0
2020/12,Outros Serviços de Terceiros - Pessoa Juríd,23077282.81
2020/12,Passagens e Despesas com Locomoção,-3908.050000000001
2020/12,Serviços de Tecnologia da Informação e Com,1040432.28
2021/01,Auxílio Financeiro a Estudantes,1672253.95
2021/01,Contribuições,0.0
2021/01,Despesas de Exercícios Anteriores,23050.05
2021/01,Diárias - Civil,0.0
2021/01,Equipamentos e Material Permanente,0.0
2021/01,Indenizações e Restituições,7831355.74
2021/01,Locação de Mão-de-Obra,60.0
2021/01,Material de Consumo,4616.48
2021/01,Obras e Instalações,0.0
2021/01,Outros Auxílios Financeiros a Pessoas Físic,992469.02
2021/01,Outros Serviços de Terceiros - Pessoa Físic,169018.39
2021/01,Outros Serviços de Terceiros - Pessoa Juríd,13865.03
2021/01,Passagens e Despesas com Locomoção,10.0
2021/01,Serviços de Tecnologia da Informação e Com,0.0
2021/02,Auxílio Financeiro a Estudantes,3173580.0
2021/02,Auxílio Financeiro a Pesquisadores,0.0
2021/02,Contribuições,0.0
2021/02,Despesas de Exercícios Anteriores,112945.62
2021/02,Diárias - Civil,14000.0
2021/02,Equipamentos e Material Permanente,0.0
2021/02,Indenizações e Restituições,627467.37
2021/02,Locação de Mão-de-Obra,0.0
2021/02,Material de Consumo,22758.739999999998
2021/02,Outros Auxílios Financeiros a Pessoas Físic,945517.27
2021/02,Outros Serviços de Terceiros - Pessoa Físic,27789.31
2021/02,Outros Serviços de Terceiros - Pessoa Juríd,42592.700000000004
2021/02,Passagens e Despesas com Locomoção,9122.75
2021/02,Serviços de Tecnologia da Informação e Com,3317.0
2021/03,Auxílio Financeiro a Estudantes,2817428.0
2021/03,Contribuições,0.0
2021/03,Despesas de Exercícios Anteriores,141280.97
2021/03,Diárias - Civil,20000.0
2021/03,Equipamentos e Material Permanente,0.0
2021/03,Indenizações e Restituições,621243.48
2021/03,Locação de Mão-de-Obra,40.0
2021/03,Material de Consumo,138568.96000000002
2021/03,Outros Auxílios Financeiros a Pessoas Físic,740234.45
2021/03,Outros Serviços de Terceiros - Pessoa Físic,72569.0
2021/03,Outros Serviços de Terceiros - Pessoa Juríd,976165.0900000001
2021/03,Passagens e Despesas com Locomoção,15000.0
2021/03,Serviços de Tecnologia da Informação e Com,318.12
2021/04,Auxílio Financeiro a Estudantes,3393674.0
2021/04,Contribuições,0.0
2021/04,Despesas de Exercícios Anteriores,101050.84000000001
2021/04,Diárias - Civil,7000.0
2021/04,Equipamentos e Material Permanente,0.0
2021/04,Indenizações e Restituições,611070.88
2021/04,Locação de Mão-de-Obra,55973.18
2021/04,Material de Consumo,26100.14
2021/04,Obras e Instalações,0.0
2021/04,Outros Auxílios Financeiros a Pessoas Físic,1358133.84
2021/04,Outros Serviços de Terceiros - Pessoa Físic,80862.25
2021/04,Outros Serviços de Terceiros - Pessoa Juríd,1902046.3699999999
2021/04,Passagens e Despesas com Locomoção,9990.0
2021/04,Serviços de Tecnologia da Informação e Com,1030.0
2021/05,Auxílio Financeiro a Estudantes,27200508.9
2021/05,Contribuições,63129.47
2021/05,Despesas de Exercícios Anteriores,128067.92
2021/05,Diárias - Civil,7000.0
2021/05,Equipamentos e Material Permanente,8749.43
2021/05,Indenizações e Restituições,606253.31
2021/05,Locação de Mão-de-Obra,1126054.42
2021/05,Material de Consumo,156831.54
2021/05,Obras e Instalações,3451.45
2021/05,Outros Auxílios Financeiros a Pessoas Físic,1082389.75
2021/05,Outros Serviços de Terceiros - Pessoa Físic,153004.37
2021/05,Outros Serviços de Terceiros - Pessoa Juríd,8241226.989999999
2021/05,Passagens e Despesas com Locomoção,32459.08
2021/05,Serviços de Tecnologia da Informação e Com,0.0
2021/06,Auxílio Financeiro a Estudantes,-1278422.5
2021/06,Contribuições,0.0
2021/06,Despesas de Exercícios Anteriores,174625.62
2021/06,Diárias - Civil,167533.35
2021/06,Equipamentos e Material Permanente,25966.19
2021/06,Indenizações e Restituições,599811.99
2021/06,Locação de Mão-de-Obra,4695437.5
2021/06,Material de Consumo,85897.42
2021/06,Obras e Instalações,0.0
2021/06,Outros Auxílios Financeiros a Pessoas Físic,1032488.75
2021/06,Outros Serviços de Terceiros - Pessoa Físic,1839728.63
2021/06,Outros Serviços de Terceiros - Pessoa Juríd,15683324.52
2021/06,Passagens e Despesas com Locomoção,149583.4
2021/06,Serviços de Tecnologia da Informação e Com,3398.45
2021/07,Auxílio Financeiro a Estudantes,1771592.5
2021/07,Auxílio Financeiro a Pesquisadores,0.0
2021/07,Contribuições,9672.0
2021/07,Despesas de Exercícios Anteriores,26596.35
2021/07,Diárias - Civil,7500.0
2021/07,Equipamentos e Material Permanente,147866.89
2021/07,Indenizações e Restituições,592963.61
2021/07,Locação de Mão-de-Obra,838229.52
2021/07,Material de Consumo,576207.44
2021/07,Obras e Instalações,603585.13
2021/07,Outros Auxílios Financeiros a Pessoas Físic,1049085.45
2021/07,Outros Serviços de Terceiros - Pessoa Físic,346703.35
2021/07,Outros Serviços de Terceiros - Pessoa Juríd,4531719.93
2021/07,Passagens e Despesas com Locomoção,6600.0
2021/07,Serviços de Tecnologia da Informação e Com,591.9
2021/08,Auxílio Financeiro a Estudantes,580212.55
2021/08,Auxílio Financeiro a Pesquisadores,0.0
2021/08,Contribuições,19620.79
2021/08,Despesas de Exercícios Anteriores,66850.06
2021/08,Diárias - Civil,3046.71
2021/08,Equipamentos e Material Permanente,325790.15
2021/08,Indenizações e Restituições,589362.13
2021/08,Locação de Mão-de-Obra,17611.04
2021/08,Material de Consumo,575258.23
2021/08,Obras e Instalações,147342.5
2021/08,Outros Auxílios Financeiros a Pessoas Físic,1042424.51
2021/08,Outros Serviços de Terceiros - Pessoa Físic,144769.13
2021/08,Outros Serviços de Terceiros - Pessoa Juríd,1435847.74
2021/08,Passagens e Despesas com Locomoção,-43000.0
2021/08,Serviços de Tecnologia da Informação e Com,824.0
2021/09,Auxílio Financeiro a Estudantes,6045748.3
2021/09,Auxílio Financeiro a Pesquisadores,13480.0
2021/09,Contribuições,39475.0
2021/09,Despesas de Exercícios Anteriores,162972.08000000002
2021/09,Diárias - Civil,190678.47999999998
2021/09,Equipamentos e Material Permanente,429919.49
2021/09,Indenizações e Restituições,569295.61
2021/09,Locação de Mão-de-Obra,-653885.0
2021/09,Material de Consumo,515310.49
2021/09,Obras e Instalações,3796650.5
2021/09,Outros Auxílios Financeiros a Pessoas Físic,1176008.46
2021/09,Outros Serviços de Terceiros - Pessoa Físic,164146.88999999998
2021/09,Outros Serviços de Terceiros - Pessoa Juríd,2850377.59
2021/09,Passagens e Despesas com Locomoção,90818.45
2021/09,Serviços de Tecnologia da Informação e Com,56282.71
2021/10,Auxílio Financeiro a Estudantes,-2893111.88
2021/10,Auxílio Financeiro a Pesquisadores,97052.0
2021/10,Contribuições,10963.76
2021/10,Despesas de Exercícios Anteriores,807539.81
2021/10,Diárias - Civil,132671.88
2021/10,Equipamentos e Material Permanente,1591407.5500000003
2021/10,Indenizações e Restituições,567868.82
2021/10,Locação de Mão-de-Obra,0.0
2021/10,Material de Consumo,1102697.6199999999
2021/10,Obras e Instalações,0.0
2021/10,Outros Auxílios Financeiros a Pessoas Físic,2202480.17
2021/10,Outros Serviços de Terceiros - Pessoa Físic,178441.91
2021/10,Outros Serviços de Terceiros - Pessoa Juríd,959022.49
2021/10,Passagens e Despesas com Locomoção,96664.42
2021/10,Serviços de Tecnologia da Informação e Com,256905.71
2021/11,Auxílio Financeiro a Estudantes,999074.0
2021/11,Auxílio Financeiro a Pesquisadores,26000.0
2021/11,Contribuições,6000.0
2021/11,Despesas de Exercícios Anteriores,22812.47
2021/11,Diárias - Civil,-127818.32
2021/11,Equipamentos e Material Permanente,4097429.83
2021/11,Indenizações e Restituições,909097.97
2021/11,Locação de Mão-de-Obra,31364.2
2021/11,Material de Consumo,867113.1499999999
2021/11,Obras e Instalações,0.0
2021/11,Outros Auxílios Financeiros a Pessoas Físic,-299284.07
2021/11,Outros Serviços de Terceiros - Pessoa Físic,234356.98
2021/11,Outros Serviços de Terceiros - Pessoa Juríd,-871896.69
2021/11,Passagens e Despesas com Locomoção,32379.26
2021/11,Serviços de Tecnologia da Informação e Com,2398176.1
2021/12,Auxílio Financeiro a Estudantes,1647317.03
2021/12,Auxílio Financeiro a Pesquisadores,324000.0
2021/12,Contribuições,-2000.0
2021/12,Despesas de Exercícios Anteriores,814200.22
2021/12,Diárias - Civil,-180405.50999999998
2021/12,Equipamentos e Material Permanente,5852780.449999999
2021/12,Indenizações e Restituições,946513.89
2021/12,Locação de Mão-de-Obra,667164.46
2021/12,Material de Consumo,254425.95
2021/12,"Material, Bem ou Serviço para Distribuição",16014.07
2021/12,Obras e Instalações,828936.0
2021/12,Outros Auxílios Financeiros a Pessoas Físic,1014659.89
2021/12,Outros Serviços de Terceiros - Pessoa Físic,-443243.28
2021/12,Outros Serviços de Terceiros - Pessoa Juríd,10326819.879999999
2021/12,Passagens e Despesas com Locomoção,-18461.359999999997
2021/12,Serviços de Tecnologia da Informação e Com,82344.68000000001
2022/01,Auxílio Financeiro a Estudantes,2490560.0
2022/01,Auxílio Financeiro a Pesquisadores,0.0
2022/01,Despesas de Exercícios Anteriores,1093464.6500000001
2022/01,Diárias - Civil,20736.1
2022/01,Equipamentos e Material Permanente,0.0
2022/01,Indenizações e Restituições,1460636.98
2022/01,Locação de Mão-de-Obra,60.0
2022/01,Material de Consumo,48764.6
2022/01,"Material, Bem ou Serviço para Distribuição",0.0
2022/01,Obras e Instalações,0.0
2022/01,Outros Auxílios Financeiros a Pessoas Físic,1254684.23
2022/01,Outros Serviços de Terceiros - Pessoa Físic,130507.05
2022/01,Outros Serviços de Terceiros - Pessoa Juríd,560.0
2022/01,Passagens e Despesas com Locomoção,23020.0
2022/01,Serviços de Tecnologia da Informação e Com,0.0
2022/02,Auxílio Financeiro a Estudantes,3277598.0
2022/02,Auxílio Financeiro a Pesquisadores,0.0
2022/02,Despesas de Exercícios Anteriores,57805.47
2022/02,Diárias - Civil,64000.0
2022/02,Equipamentos e Material Permanente,8734.46
2022/02,Indenizações e Restituições,6527044.61
2022/02,Locação de Mão-de-Obra,18418.14
2022/02,Material de Consumo,248435.69
2022/02,"Material, Bem ou Serviço para Distribuição",0.0
2022/02,Obras e Instalações,0.0
2022/02,Outros Auxílios Financeiros a Pessoas Físic,1256463.54
2022/02,Outros Serviços de Terceiros - Pessoa Físic,193163.3
2022/02,Outros Serviços de Terceiros - Pessoa Juríd,1657135.25
2022/02,Passagens e Despesas com Locomoção,84628.4
2022/02,Serviços de Tecnologia da Informação e Com,5607.58
2022/03,Auxílio Financeiro a Estudantes,5918832.0
2022/03,Auxílio Financeiro a Pesquisadores,0.0
2022/03,Contribuições,21071.43
2022/03,Despesas de Exercícios Anteriores,84674.62
2022/03,Diárias - Civil,206257.38
2022/03,Equipamentos e Material Permanente,15120.26
2022/03,Indenizações e Restituições,563145.68
2022/03,Locação de Mão-de-Obra,1274299.44
2022/03,Material de Consumo,305353.89
2022/03,"Material, Bem ou Serviço para Distribuição",3041.56
2022/03,Obras e Instalações,606511.05
2022/03,Outros Auxílios Financeiros a Pessoas Físic,1320655.46
2022/03,Outros Serviços de Terceiros - Pessoa Físic,193149.48
2022/03,Outros Serviços de Terceiros - Pessoa Juríd,8049137.630000001
2022/03,Passagens e Despesas com Locomoção,90520.0
2022/03,Serviços de Tecnologia da Informação e Com,4548.94
2022/04,Auxílio Financeiro a Estudantes,23874334.43
2022/04,Auxílio Financeiro a Pesquisadores,0.0
2022/04,Contribuições,0.0
2022/04,Despesas de Exercícios Anteriores,28191.559999999998
2022/04,Diárias - Civil,923875.6
2022/04,Equipamentos e Material Permanente,36247.47
2022/04,Indenizações e Restituições,960201.21
2022/04,Locação de Mão-de-Obra,5838953.06
2022/04,Material de Consumo,279648.79
2022/04,Obras e Instalações,0.0
2022/04,Outros Auxílios Financeiros a Pessoas Físic,11386324.92
2022/04,Outros Serviços de Terceiros - Pessoa Físic,1812445.71
2022/04,Outros Serviços de Terceiros - Pessoa Juríd,42749454.8
2022/04,Passagens e Despesas com Locomoção,427528.54000000004
2022/04,Serviços de Tecnologia da Informação e Com,2939.95
2022/05,Auxílio Financeiro a Estudantes,3181914.19
2022/05,Auxílio Financeiro a Pesquisadores,57394.0
2022/05,Contribuições,66669.56
2022/05,Despesas de Exercícios Anteriores,91038.4
2022/05,Diárias - Civil,122088.45
2022/05,Equipamentos e Material Permanente,646442.97
2022/05,Indenizações e Restituições,555625.78
2022/05,Locação de Mão-de-Obra,88136.16
2022/05,Material de Consumo,321408.49
2022/05,"Material, Bem ou Serviço para Distribuição",0.0
2022/05,Obras e Instalações,0.0
2022/05,Outros Auxílios Financeiros a Pessoas Físic,0.0
2022/05,Outros Serviços de Terceiros - Pessoa Físic,208004.55000000002
2022/05,Outros Serviços de Terceiros - Pessoa Juríd,445553.26999999996
2022/05,Passagens e Despesas com Locomoção,592326.4299999999
2022/05,Serviços de Tecnologia da Informação e Com,279.96
2022/06,Auxílio Financeiro a Estudantes,1680552.58
2022/06,Auxílio Financeiro a Pesquisadores,208528.37
2022/06,Contribuições,0.0
2022/06,Despesas de Exercícios Anteriores,40712.47
2022/06,Diárias - Civil,73560.05
2022/06,Equipamentos e Material Permanente,897827.01
2022/06,Indenizações e Restituições,554409.15
2022/06,Locação de Mão-de-Obra,544941.95
2022/06,Material de Consumo,231118.48
2022/06,"Material, Bem ou Serviço para Distribuição",6500.9
2022/06,Obras e Instalações,24661.09
2022/06,Outros Auxílios Financeiros a Pessoas Físic,0.0
2022/06,Outros Serviços de Terceiros - Pessoa Físic,265353.49
2022/06,Outros Serviços de Terceiros - Pessoa Juríd,1478485.08
2022/06,Passagens e Despesas com Locomoção,-402.34
2022/06,Serviços de Tecnologia da Informação e Com,309028.72
2022/07,Auxílio Financeiro a Estudantes,-1274917.6400000001
2022/07,Auxílio Financeiro a Pesquisadores,16343.0
2022/07,Despesas de Exercícios Anteriores,32505.670000000002
2022/07,Diárias - Civil,-53226.299999999996
2022/07,Equipamentos e Material Permanente,631026.71
2022/07,Indenizações e Restituições,1180401.27
2022/07,Locação de Mão-de-Obra,0.0
2022/07,Material de Consumo,479516.23
2022/07,Obras e Instalações,96543.38
2022/07,Outros Auxílios Financeiros a Pessoas Físic,-6115325.1
2022/07,Outros Serviços de Terceiros - Pessoa Físic,100387.73999999999
2022/07,Outros Serviços de Terceiros - Pessoa Juríd,-921308.52
2022/07,Passagens e Despesas com Locomoção,25587.46
2022/07,Serviços de Tecnologia da Informação e Com,439.93
2022/08,Auxílio Financeiro a Estudantes,-353845.6699999999
2022/08,Auxílio Financeiro a Pesquisadores,375099.08
2022/08,Contribuições,41979.21
2022/08,Despesas de Exercícios Anteriores,11265.62
2022/08,Diárias - Civil,-16594.38
2022/08,Equipamentos e Material Permanente,482281.68000000005
2022/08,Indenizações e Restituições,548884.02
2022/08,Locação de Mão-de-Obra,56652.2
2022/08,Material de Consumo,403301.88
2022/08,"Material, Bem ou Serviço para Distribuição",0.0
2022/08,Obras e Instalações,-496628.46
2022/08,Outros Auxílios Financeiros a Pessoas Físic,4048854.84
2022/08,Outros Serviços de Terceiros - Pessoa Físic,-277444.86000000004
2022/08,Outros Serviços de Terceiros - Pessoa Juríd,-1308370.56
2022/08,Passagens e Despesas com Locomoção,-4744.24
2022/08,Serviços de Tecnologia da Informação e Com,2937.05
2022/09,Auxílio Financeiro a Estudantes,-3661536.86
2022/09,Auxílio Financeiro a Pesquisadores,54593.39
2022/09,Contribuições,11137.9
2022/09,Despesas de Exercícios Anteriores,36792.01
2022/09,Diárias - Civil,17122.65
2022/09,Equipamentos e Material Permanente,988150.13
2022/09,Indenizações e Restituições,546515.76
2022/09,Locação de Mão-de-Obra,0.0
2022/09,Material de Consumo,1312120.85
2022/09,"Material, Bem ou Serviço para Distribuição",62060.22
2022/09,Obras e Instalações,0.0
2022/09,Outros Auxílios Financeiros a Pessoas Físic,0.0
2022/09,Outros Serviços de Terceiros - Pessoa Físic,6173.36
2022/09,Outros Serviços de Terceiros - Pessoa Juríd,3905115.8400000003
2022/09,Passagens e Despesas com Locomoção,-11562.279999999999
2022/09,Serviços de Tecnologia da Informação e Com,1459.7
2022/10,Auxílio Financeiro a Estudantes,3021464.01
2022/10,Auxílio Financeiro a Pesquisadores,270698.64
2022/10,Contribuições,3760.0
2022/10,Despesas de Exercícios Anteriores,106630.77
2022/10,Diárias - Civil,23586.059999999998
2022/10,Equipamentos e Material Permanente,166893.53
2022/10,Indenizações e Restituições,540427.96
2022/10,Locação de Mão-de-Obra,11283.06
2022/10,Material de Consumo,319529.04
2022/10,"Material, Bem ou Serviço para Distribuição",0.0
2022/10,Obras e Instalações,0.0
2022/10,Outros Auxílios Financeiros a Pessoas Físic,-1231.82
2022/10,Outros Serviços de Terceiros - Pessoa Físic,27254.350000000002
2022/10,Outros Serviços de Terceiros - Pessoa Juríd,2479194.14
2022/10,Passagens e Despesas com Locomoção,19656.22
2022/10,Serviços de Tecnologia da Informação e Com,22398.96
2022/11,Auxílio Financeiro a Estudantes,14147.3
2022/11,Auxílio Financeiro a Pesquisadores,0.0
2022/11,Contribuições,700.0
2022/11,Despesas de Exercícios Anteriores,9382.15
2022/11,Diárias - Civil,-116279.45000000001
2022/11,Equipamentos e Material Permanente,99890.84000000001
2022/11,Indenizações e Restituições,540361.2999999999
2022/11,Locação de Mão-de-Obra,3000.0
2022/11,Material de Consumo,584547.78
2022/11,"Material, Bem ou Serviço para Distribuição",0.0
2022/11,Obras e Instalações,0.0
2022/11,Outros Auxílios Financeiros a Pessoas Físic,820647.26
2022/11,Outros Serviços de Terceiros - Pessoa Físic,197400.59
2022/11,Outros Serviços de Terceiros - Pessoa Juríd,888926.46
2022/11,Passagens e Despesas com Locomoção,-169954.08000000002
2022/11,Serviços de Tecnologia da Informação e Com,375094.43000000005
2022/12,Auxílio Financeiro a Estudantes,8942526.5
2022/12,Auxílio Financeiro a Pesquisadores,1136024.0
2022/12,Contribuições,0.0
2022/12,Despesas de Exercícios Anteriores,-129987.6500000001
2022/12,Diárias - Civil,-216627.72
2022/12,Equipamentos e Material Permanente,783710.0
2022/12,Indenizações e Restituições,653257.15
2022/12,Locação de Mão-de-Obra,2106625.98
2022/12,Material de Consumo,599286.67
2022/12,"Material, Bem ou Serviço para Distribuição",0.0
2022/12,Obras e Instalações,9857132.9
2022/12,Outros Auxílios Financeiros a Pessoas Físic,1219823.53
2022/12,Outros Serviços de Terceiros - Pessoa Físic,-309962.06
2022/12,Outros Serviços de Terceiros - Pessoa Juríd,9495893.280000001
2022/12,Passagens e Despesas com Locomoção,-62859.22
2022/12,Serviços de Tecnologia da Informação e Com,327545.49
2023/01,Auxílio Financeiro a Estudantes,0.0
2023/01,Auxílio Financeiro a Pesquisadores,6930.0
2023/01,Despesas de Exercícios Anteriores,55250.47
2023/01,Diárias - Civil,52000.0
2023/01,Equipamentos e Material Permanente,0.0
2023/01,Indenizações e Restituições,13120768.02
2023/01,Locação de Mão-de-Obra,0.0
2023/01,Material de Consumo,1488.0
2023/01,Obras e Instalações,0.0
2023/01,Outros Auxílios Financeiros a Pessoas Físic,1236480.57
2023/01,Outros Serviços de Terceiros - Pessoa Físic,64601.35
2023/01,Outros Serviços de Terceiros - Pessoa Juríd,9664.02
2023/01,Passagens e Despesas com Locomoção,50000.0
2023/01,Serviços de Tecnologia da Informação e Com,0.0
2023/02,Auxílio Financeiro a Estudantes,13988.0
2023/02,Auxílio Financeiro a Pesquisadores,0.0
2023/02,Contribuições,0.0
2023/02,Despesas de Exercícios Anteriores,875118.55
2023/02,Diárias - Civil,118844.11
2023/02,Equipamentos e Material Permanente,0.0
2023/02,Indenizações e Restituições,184615.92
2023/02,Locação de Mão-de-Obra,60.0
2023/02,Material de Consumo,52980.45
2023/02,"Material, Bem ou Serviço para Distribuição",0.0
2023/02,Obras e Instalações,0.0
2023/02,Outros Auxílios Financeiros a Pessoas Físic,1260015.13
2023/02,Outros Serviços de Terceiros - Pessoa Físic,74897.63
2023/02,Outros Serviços de Terceiros - Pessoa Juríd,103145.34
2023/02,Passagens e Despesas com Locomoção,45906.04
2023/02,Serviços de Tecnologia da Informação e Com,29388.980000000003
2023/03,Auxílio Financeiro a Estudantes,12188822.02
2023/03,Auxílio Financeiro a Pesquisadores,48290.7
2023/03,Contribuições,66669.56
2023/03,Despesas de Exercícios Anteriores,185732.53
2023/03,Diárias - Civil,195202.96
2023/03,Equipamentos e Material Permanente,21572.61
2023/03,Indenizações e Restituições,166198.27
2023/03,Locação de Mão-de-Obra,3651993.6
2023/03,Material de Consumo,266396.56
2023/03,Obras e Instalações,0.0
2023/03,Outros Auxílios Financeiros a Pessoas Físic,1424813.31
2023/03,Outros Serviços de Terceiros - Pessoa Físic,95500.68000000001
2023/03,Outros Serviços de Terceiros - Pessoa Juríd,12697945.31
2023/03,Passagens e Despesas com Locomoção,157553.49
2023/03,Serviços de Tecnologia da Informação e Com,6999.96
2023/04,Auxílio Financeiro a Estudantes,1166464.2
2023/04,Auxílio Financeiro a Pesquisadores,6930.0
2023/04,Contribuições,7500.21
2023/04,Despesas de Exercícios Anteriores,115117.68
2023/04,Diárias - Civil,217301.43
2023/04,Equipamentos e Material Permanente,63320.44
2023/04,Indenizações e Restituições,146009.93
2023/04,Locação de Mão-de-Obra,0.0
2023/04,Material de Consumo,233307.03
2023/04,"Material, Bem ou Serviço para Distribuição",4035.85
2023/04,Obras e Instalações,3508751.0
2023/04,Outros Auxílios Financeiros a Pessoas Físic,1410031.31
2023/04,Outros Serviços de Terceiros - Pessoa Físic,1297248.52
2023/04,Outros Serviços de Terceiros - Pessoa Juríd,1147032.8599999999
2023/04,Passagens e Despesas com Locomoção,139340.0
2023/04,Serviços de Tecnologia da Informação e Com,39.99
2023/05,Auxílio Financeiro a Estudantes,23897659.25
2023/05,Auxílio Financeiro a Pesquisadores,19778.16
2023/05,Contribuições,34460.11
2023/05,Despesas de Exercícios Anteriores,372001.20999999996
2023/05,Diárias - Civil,136504.14
2023/05,Equipamentos e Material Permanente,451854.08
2023/05,Indenizações e Restituições,162876.35
2023/05,Locação de Mão-de-Obra,160149.49
2023/05,Material de Consumo,724890.31
2023/05,"Material, Bem ou Serviço para Distribuição",-135.84
2023/05,Obras e Instalações,0.0
2023/05,Outros Auxílios Financeiros a Pessoas Físic,1338722.22
2023/05,Outros Serviços de Terceiros - Pessoa Físic,167674.97
2023/05,Outros Serviços de Terceiros - Pessoa Juríd,1024156.12
2023/05,Passagens e Despesas com Locomoção,131010.0
2023/05,Serviços de Tecnologia da Informação e Com,2043.49
2023/06,Auxílio Financeiro a Estudantes,2539669.0
2023/06,Auxílio Financeiro a Pesquisadores,36223.06
2023/06,Contribuições,900.0
2023/06,Despesas de Exercícios Anteriores,30434.1
2023/06,Diárias - Civil,90075.44
2023/06,Equipamentos e Material Permanente,355211.22000000003
2023/06,Indenizações e Restituições,534019.42
2023/06,Locação de Mão-de-Obra,3929756.3000000003
2023/06,Material de Consumo,483256.93
2023/06,"Material, Bem ou Serviço para Distribuição",0.0
2023/06,Obras e Instalações,4941623.67
2023/06,Outros Auxílios Financeiros a Pessoas Físic,1021668.24
2023/06,Outros Serviços de Terceiros - Pessoa Físic,234237.87
2023/06,Outros Serviços de Terceiros - Pessoa Juríd,22362824.63
2023/06,Passagens e Despesas com Locomoção,20872.0
2023/06,Serviços de Tecnologia da Informação e Com,6210.0
2023/07,Auxílio Financeiro a Estudantes,707612.9500000002
2023/07,Auxílio Financeiro a Pesquisadores,544603.52
2023/07,Contribuições,7501.0
2023/07,Despesas de Exercícios Anteriores,56663.67
2023/07,Diárias - Civil,677122.62
2023/07,Equipamentos e Material Permanente,162487.71
2023/07,Indenizações e Restituições,760.0
2023/07,Locação de Mão-de-Obra,0.0
2023/07,Material de Consumo,421994.98
2023/07,"Material, Bem ou Serviço para Distribuição",1996.8
2023/07,Obras e Instalações,208792.84
2023/07,Outros Auxílios Financeiros a Pessoas Físic,5637013.04
2023/07,Outros Serviços de Terceiros - Pessoa Físic,89821.0
2023/07,Outros Serviços de Terceiros - Pessoa Juríd,5461614.7700000005
2023/07,Passagens e Despesas com Locomoção,747461.37
2023/07,Serviços de Tecnologia da Informação e Com,3419.99
2023/08,Auxílio Financeiro a Estudantes,2215578.7800000003
2023/08,Auxílio Financeiro a Pesquisadores,153138.37
2023/08,Contribuições,30700.2
2023/08,Despesas de Exercícios Anteriores,417612.26
2023/08,Diárias - Civil,160109.13
2023/08,Equipamentos e Material Permanente,1115994.23
2023/08,Indenizações e Restituições,0.0
2023/08,Locação de Mão-de-Obra,0.0
2023/08,Material de Consumo,640056.84
2023/08,"Material, Bem ou Serviço para Distribuição",9865.7
2023/08,Obras e Instalações,500000.0
2023/08,Outros Auxílios Financeiros a Pessoas Físic,0.0
2023/08,Outros Serviços de Terceiros - Pessoa Físic,188789.4
2023/08,Outros Serviços de Terceiros - Pessoa Juríd,2727386.88
2023/08,Passagens e Despesas com Locomoção,238676.03
2023/08,Serviços de Tecnologia da Informação e Com,3747.1
2023/09,Auxílio Financeiro a Estudantes,-1168452.5899999999
2023/09,Auxílio Financeiro a Pesquisadores,39038.0
2023/09,Contribuições,0.0
2023/09,Despesas de Exercícios Anteriores,31989.7
2023/09,Diárias - Civil,117079.45999999999
2023/09,Equipamentos e Material Permanente,1045080.8
2023/09,Indenizações e Restituições,250000.0
2023/09,Locação de Mão-de-Obra,1214630.05
2023/09,Material de Consumo,530557.65
2023/09,"Material, Bem ou Serviço para Distribuição",0.0
2023/09,Obras e Instalações,0.0
2023/09,Outros Auxílios Financeiros a Pessoas Físic,0.0
2023/09,Outros Serviços de Terceiros - Pessoa Físic,-6815.140000000001
2023/09,Outros Serviços de Terceiros - Pessoa Juríd,1942778.7799999998
2023/09,Passagens e Despesas com Locomoção,230284.43
2023/09,Serviços de Tecnologia da Informação e Com,77427.0
2023/10,Auxílio Financeiro a Estudantes,1765041.97
2023/10,Auxílio Financeiro a Pesquisadores,228687.34
2023/10,Contribuições,7722.0
2023/10,Despesas de Exercícios Anteriores,93718.43
2023/10,Diárias - Civil,16184.269999999999
2023/10,Equipamentos e Material Permanente,1190003.45
2023/10,Indenizações e Restituições,1093573.84
2023/10,Locação de Mão-de-Obra,1985796.91
2023/10,Material de Consumo,889917.47
2023/10,"Material, Bem ou Serviço para Distribuição",0.0
2023/10,Obras e Instalações,500000.0
2023/10,Outros Auxílios Financeiros a Pessoas Físic,65798.3
2023/10,Outros Serviços de Terceiros - Pessoa Físic,77440.79000000001
2023/10,Outros Serviços de Terceiros - Pessoa Juríd,11410365.41
2023/10,Passagens e Despesas com Locomoção,137490.51
2023/10,Serviços de Tecnologia da Informação e Com,31559.26
2023/11,Auxílio Financeiro a Estudantes,974020.31
2023/11,Auxílio Financeiro a Pesquisadores,653114.8
2023/11,Contribuições,0.0
2023/11,Despesas de Exercícios Anteriores,26241.35
2023/11,Diárias - Civil,27653.87
2023/11,Equipamentos e Material Permanente,2247916.28
2023/11,Indenizações e Restituições,-467202.2
2023/11,Locação de Mão-de-Obra,0.0
2023/11,Material de Consumo,895078.1
2023/11,"Material, Bem ou Serviço para Distribuição",0.0
2023/11,Obras e Instalações,931402.3
2023/11,Outros Auxílios Financeiros a Pessoas Físic,2092836.0
2023/11,Outros Serviços de Terceiros - Pessoa Físic,-1340.3900000000003
2023/11,Outros Serviços de Terceiros - Pessoa Juríd,3320391.89
2023/11,Passagens e Despesas com Locomoção,-7032.719999999999
2023/11,Serviços de Tecnologia da Informação e Com,1352520.83
2023/12,Auxílio Financeiro a Estudantes,691345.36
2023/12,Auxílio Financeiro a Pesquisadores,509862.13
2023/12,Contribuições,3105.0299999999997
2023/12,Despesas de Exercícios Anteriores,-7402.390000000001
2023/12,Diárias - Civil,-237344.77
2023/12,Equipamentos e Material Permanente,3323932.89
2023/12,Indenizações e Restituições,-669385.51
2023/12,Locação de Mão-de-Obra,989035.9
2023/12,Material de Consumo,1442330.54
2023/12,"Material, Bem ou Serviço para Distribuição",0.0
2023/12,Obras e Instalações,15509117.97
2023/12,Outros Auxílios Financeiros a Pessoas Físic,591724.26
2023/12,Outros Serviços de Terceiros - Pessoa Físic,-496435.29000000004
2023/12,Outros Serviços de Terceiros - Pessoa Juríd,9286076.84
2023/12,Passagens e Despesas com Locomoção,-130064.13
2023/12,Serviços de Tecnologia da Informação e Com,69087.73
2024/01,Auxílio Financeiro a Estudantes,3376268.0
2024/01,Auxílio Financeiro a Pesquisadores,0.0
2024/01,Despesas de Exercícios Anteriores,155015.2
2024/01,Diárias - Civil,38800.0
2024/01,Equipamentos e Material Permanente,0.0
2024/01,Indenizações e Restituições,7677003.880000001
2024/01,Locação de Mão-de-Obra,0.0
2024/01,Material de Consumo,15307.7
2024/01,"Material, Bem ou Serviço para Distribuição",0.0
2024/01,Obras e Instalações,0.0
2024/01,Outros Auxílios Financeiros a Pessoas Físic,1285206.17
2024/01,Outros Serviços de Terceiros - Pessoa Físic,51744.02
2024/01,Outros Serviços de Terceiros - Pessoa Juríd,360507.69
2024/01,Passagens e Despesas com Locomoção,22500.0
2024/01,Serviços de Tecnologia da Informação e Com,258.0
2024/02,Auxílio Financeiro a Estudantes,1811500.0
2024/02,Auxílio Financeiro a Pesquisadores,414640.0
2024/02,Contribuições,0.0
2024/02,Despesas de Exercícios Anteriores,136112.24
2024/02,Diárias - Civil,205711.52000000002
2024/02,Equipamentos e Material Permanente,3144.97
2024/02,Indenizações e Restituições,7583667.78
2024/02,Locação de Mão-de-Obra,36547.52
2024/02,Material de Consumo,143314.62
2024/02,"Material, Bem ou Serviço para Distribuição",0.0
2024/02,Obras e Instalações,0.0
2024/02,Outros Auxílios Financeiros a Pessoas Físic,1264675.72
2024/02,Outros Serviços de Terceiros - Pessoa Físic,75330.83
2024/02,Outros Serviços de Terceiros - Pessoa Juríd,2313769.34
2024/02,Passagens e Despesas com Locomoção,116801.25
2024/02,Serviços de Tecnologia da Informação e Com,447730.93
2024/03,Auxílio Financeiro a Estudantes,6273375.9
2024/03,Auxílio Financeiro a Pesquisadores,5940.0
2024/03,Contribuições,0.0
2024/03,Despesas de Exercícios Anteriores,231506.2
2024/03,Diárias - Civil,72400.0
2024/03,Equipamentos e Material Permanente,118231.39
2024/03,Indenizações e Restituições,-149986.35
2024/03,Locação de Mão-de-Obra,2085646.28
2024/03,Material de Consumo,370739.68
2024/03,"Material, Bem ou Serviço para Distribuição",0.0
2024/03,Obras e Instalações,547810.18
2024/03,Outros Auxílios Financeiros a Pessoas Físic,1264675.72
2024/03,Outros Serviços de Terceiros - Pessoa Físic,86610.65
2024/03,Outros Serviços de Terceiros - Pessoa Juríd,7226807.16
2024/03,Passagens e Despesas com Locomoção,75285.76000000001
2024/03,Serviços de Tecnologia da Informação e Com,11259.43
2024/04,Auxílio Financeiro a Estudantes,22930787.97
2024/04,Auxílio Financeiro a Pesquisadores,422582.63
2024/04,Contribuições,21372.02
2024/04,Despesas de Exercícios Anteriores,73287.7
2024/04,Diárias - Civil,384103.04
2024/04,Equipamentos e Material Permanente,50692.02
2024/04,Indenizações e Restituições,570.0
2024/04,Locação de Mão-de-Obra,7306053.03
2024/04,Material de Consumo,423477.82
2024/04,"Material, Bem ou Serviço para Distribuição",0.0
2024/04,Obras e Instalações,0.0
2024/04,Outros Auxílios Financeiros a Pessoas Físic,2192014.8899999997
2024/04,Outros Serviços de Terceiros - Pessoa Físic,961073.9299999999
2024/04,Outros Serviços de Terceiros - Pessoa Juríd,14996811.049999999
2024/04,Passagens e Despesas com Locomoção,192486.76
2024/04,Serviços de Tecnologia da Informação e Com,852.96
2024/05,Auxílio Financeiro a Estudantes,1151010.5
2024/05,Auxílio Financeiro a Pesquisadores,2118000.0
2024/05,Contribuições,11025.91
2024/05,Despesas de Exercícios Anteriores,433835.74
2024/05,Diárias - Civil,260842.35
2024/05,Equipamentos e Material Permanente,433877.84
2024/05,Indenizações e Restituições,196.71
2024/05,Locação de Mão-de-Obra,2273662.5300000003
2024/05,Material de Consumo,449394.65
2024/05,"Material, Bem ou Serviço para Distribuição",11559.32
2024/05,Obras e Instalações,0.0
2024/05,Outros Auxílios Financeiros a Pessoas Físic,7908329.0
2024/05,Outros Serviços de Terceiros - Pessoa Físic,56093.92
2024/05,Outros Serviços de Terceiros - Pessoa Juríd,6659474.220000001
2024/05,Passagens e Despesas com Locomoção,153303.92
2024/05,Serviços de Tecnologia da Informação e Com,5605.8
2024/06,Auxílio Financeiro a Estudantes,5916403.6
2024/06,Auxílio Financeiro a Pesquisadores,231501.68
2024/06,Contribuições,65659.47
2024/06,Despesas de Exercícios Anteriores,310857.57999999996
2024/06,Diárias - Civil,666359.47
2024/06,Equipamentos e Material Permanente,950692.18
2024/06,Indenizações e Restituições,0.0
2024/06,Locação de Mão-de-Obra,0.0
2024/06,Material de Consumo,421190.5
2024/06,Obras e Instalações,0.0
2024/06,Outros Auxílios Financeiros a Pessoas Físic,65100.0
2024/06,Outros Serviços de Terceiros - Pessoa Físic,110753.08
2024/06,Outros Serviços de Terceiros - Pessoa Juríd,3230511.03
2024/06,Passagens e Despesas com Locomoção,704139.3300000001
2024/06,Serviços de Tecnologia da Informação e Com,0.0
2024/07,Auxílio Financeiro a Estudantes,3494417.7
2024/07,Auxílio Financeiro a Pesquisadores,1012329.8
2024/07,Contribuições,12000.0
2024/07,Despesas de Exercícios Anteriores,50900.63
2024/07,Diárias - Civil,347377.96
2024/07,Equipamentos e Material Permanente,1067881.25
2024/07,Indenizações e Restituições,0.0
2024/07,Locação de Mão-de-Obra,920125.24
2024/07,Material de Consumo,519323.76
2024/07,Obras e Instalações,2657206.9
2024/07,Outros Auxílios Financeiros a Pessoas Físic,0.0
2024/07,Outros Serviços de Terceiros - Pessoa Físic,153627.43
2024/07,Outros Serviços de Terceiros - Pessoa Juríd,17030630.79
2024/07,Passagens e Despesas com Locomoção,133487.34
2024/07,Serviços de Tecnologia da Informação e Com,8118.0
2024/08,Auxílio Financeiro a Estudantes,-288125.4
2024/08,Auxílio Financeiro a Pesquisadores,369833.77
2024/08,Contribuições,0.0
2024/08,Despesas de Exercícios Anteriores,54981.98
2024/08,Diárias - Civil,32741.09
2024/08,Equipamentos e Material Permanente,95053.88
2024/08,Indenizações e Restituições,90382.54
2024/08,Locação de Mão-de-Obra,0.0
2024/08,Material de Consumo,228836.66999999998
2024/08,Obras e Instalações,0.0
2024/08,Outros Auxílios Financeiros a Pessoas Físic,1198160.0
2024/08,Outros Serviços de Terceiros - Pessoa Físic,173944.03
2024/08,Outros Serviços de Terceiros - Pessoa Juríd,940585.6499999999
2024/08,Passagens e Despesas com Locomoção,22653.0
2024/08,Serviços de Tecnologia da Informação e Com,62464.2
2024/09,Auxílio Financeiro a Estudantes,1058131.8399999999
2024/09,Auxílio Financeiro a Pesquisadores,319337.38
2024/09,Contribuições,22177.67
2024/09,Despesas de Exercícios Anteriores,40377.47
2024/09,Diárias - Civil,198591.02000000002
2024/09,Equipamentos e Material Permanente,414354.71
2024/09,Indenizações e Restituições,530847.29
2024/09,Locação de Mão-de-Obra,220750.04
2024/09,Material de Consumo,867911.33
2024/09,Obras e Instalações,0.0
2024/09,Outros Auxílios Financeiros a Pessoas Físic,37470.0
2024/09,Outros Serviços de Terceiros - Pessoa Físic,142345.1
2024/09,Outros Serviços de Terceiros - Pessoa Juríd,3926780.2399999998
2024/09,Passagens e Despesas com Locomoção,222442.84999999998
2024/09,Serviços de Tecnologia da Informação e Com,57859.03
2024/10,Auxílio Financeiro a Estudantes,1639888.2000000002
2024/10,Auxílio Financeiro a Pesquisadores,818807.46
2024/10,Contribuições,52003.25
2024/10,Despesas de Exercícios Anteriores,66078.12
2024/10,Diárias - Civil,155429.35
2024/10,Equipamentos e Material Permanente,1692768.05
2024/10,Indenizações e Restituições,1233745.5
2024/10,Locação de Mão-de-Obra,5356.87
2024/10,Material de Consumo,1176945.18
2024/10,"Material, Bem ou Serviço para Distribuição",0.0
2024/10,Obras e Instalações,1070533.26
2024/10,Outros Auxílios Financeiros a Pessoas Físic,18653.91
2024/10,Outros Serviços de Terceiros - Pessoa Físic,178142.46000000002
2024/10,Outros Serviços de Terceiros - Pessoa Juríd,7771025.399999999
2024/10,Passagens e Despesas com Locomoção,123779.68000000001
2024/10,Serviços de Tecnologia da Informação e Com,63601.62
2024/11,Auxílio Financeiro a Estudantes,2645065.13
2024/11,Auxílio Financeiro a Pesquisadores,-834529.87
2024/11,Contribuições,9180.8
2024/11,Despesas de Exercícios Anteriores,28914.86
2024/11,Diárias - Civil,-112424.94
2024/11,Equipamentos e Material Permanente,572127.9199999999
2024/11,Indenizações e Restituições,1775323.0499999998
2024/11,Locação de Mão-de-Obra,-246538.83
2024/11,Material de Consumo,725192.81
2024/11,"Material, Bem ou Serviço para Distribuição",0.0
2024/11,Obras e Instalações,149782.97
2024/11,Outros Auxílios Financeiros a Pessoas Físic,808055.25
2024/11,Outros Serviços de Terceiros - Pessoa Físic,-316846.86
2024/11,Outros Serviços de Terceiros - Pessoa Juríd,2593170.12
2024/11,Passagens e Despesas com Locomoção,-95131.77
2024/11,Serviços de Tecnologia da Informação e Com,129539.86
2024/12,Auxílio Financeiro a Estudantes,3630515.04
2024/12,Auxílio Financeiro a Pesquisadores,602989.7
2024/12,Contribuições,16350.0
2024/12,Despesas de Exercícios Anteriores,22749.870000000003
2024/12,Diárias - Civil,-480109.82999999996
2024/12,Equipamentos e Material Permanente,4421433.18
2024/12,Indenizações e Restituições,1492799.82
2024/12,Locação de Mão-de-Obra,878205.7799999999
2024/12,Material de Consumo,863842.9
2024/12,"Material, Bem ou Serviço para Distribuição",7582.450000000001
2024/12,Obras e Instalações,3418342.33
2024/12,Outros Auxílios Financeiros a Pessoas Físic,1390954.86
2024/12,Outros Serviços de Terceiros - Pessoa Físic,293835.86
2024/12,Outros Serviços de Terceiros - Pessoa Juríd,15910428.57
2024/12,Passagens e Despesas com Locomoção,70279.83
2024/12,Serviços de Tecnologia da Informação e Com,198883.68
2025/01,Auxílio Financeiro a Estudantes,3754197.1
2025/01,Auxílio Financeiro a Pesquisadores,0.0
2025/01,Despesas de Exercícios Anteriores,335656.41000000003
2025/01,Diárias - Civil,37500.0
2025/01,Equipamentos e Material Permanente,0.0
2025/01,Indenizações e Restituições,17970470.95
2025/01,Locação de Mão-de-Obra,1310831.37
2025/01,Material de Consumo,97140.8
2025/01,"Material, Bem ou Serviço para Distribuição",0.0
2025/01,Obras e Instalações,0.0
2025/01,Outros Auxílios Financeiros a Pessoas Físic,1216223.86
2025/01,Outros Serviços de Terceiros - Pessoa Físic,67687.48
2025/01,Outros Serviços de Terceiros - Pessoa Juríd,2341303.55
2025/01,Passagens e Despesas com Locomoção,105200.0
2025/01,Serviços de Tecnologia da Informação e Com,15388.11
2025/02,Auxílio Financeiro a Estudantes,4582422.1
2025/02,Auxílio Financeiro a Pesquisadores,6335.99
2025/02,Contribuições,0.0
2025/02,Despesas de Exercícios Anteriores,302281.75
2025/02,Diárias - Civil,123522.22
2025/02,Equipamentos e Material Permanente,0.0
2025/02,Indenizações e Restituições,0.0
2025/02,Locação de Mão-de-Obra,1666835.82
2025/02,Material de Consumo,388273.3
2025/02,Obras e Instalações,0.0
2025/02,Outros Auxílios Financeiros a Pessoas Físic,1239217.96
2025/02,Outros Serviços de Terceiros - Pessoa Físic,68211.52
2025/02,Outros Serviços de Terceiros - Pessoa Juríd,5654344.04
2025/02,Passagens e Despesas com Locomoção,122933.14000000001
2025/02,Serviços de Tecnologia da Informação e Com,145666.2
2025/03,Auxílio Financeiro a Estudantes,4755278.03
2025/03,Auxílio Financeiro a Pesquisadores,0.0
2025/03,Despesas de Exercícios Anteriores,253746.12
2025/03,Diárias - Civil,172519.73
2025/03,Equipamentos e Material Permanente,0.0
2025/03,Indenizações e Restituições,0.0
2025/03,Locação de Mão-de-Obra,84638.88
2025/03,Material de Consumo,41332.0
2025/03,Obras e Instalações,3200000.0
2025/03,Outros Auxílios Financeiros a Pessoas Físic,1281100.08
2025/03,Outros Serviços de Terceiros - Pessoa Físic,67478.65000000001
2025/03,Outros Serviços de Terceiros - Pessoa Juríd,2497741.65
2025/03,Passagens e Despesas com Locomoção,111530.99
2025/03,Serviços de Tecnologia da Informação e Com,25436.08
2025/04,Auxílio Financeiro a Estudantes,7610194.07
2025/04,Auxílio Financeiro a Pesquisadores,585604.0
2025/04,Contribuições,11283.01
2025/04,Despesas de Exercícios Anteriores,44024.05
2025/04,Diárias - Civil,164612.02
2025/04,Equipamentos e Material Permanente,4295.0
2025/04,Indenizações e Restituições,205.14
2025/04,Locação de Mão-de-Obra,1482947.5899999999
2025/04,Material de Consumo,428756.42
2025/04,"Material, Bem ou Serviço para Distribuição",13671.75
2025/04,Obras e Instalações,500000.0
2025/04,Outros Auxílios Financeiros a Pessoas Físic,1207601.08
2025/04,Outros Serviços de Terceiros - Pessoa Físic,301552.01
2025/04,Outros Serviços de Terceiros - Pessoa Juríd,3856308.65
2025/04,Passagens e Despesas com Locomoção,315790.72
2025/04,Serviços de Tecnologia da Informação e Com,511.2
2025/05,Auxílio Financeiro a Estudantes,1949393.0
2025/05,Auxílio Financeiro a Pesquisadores,0.0
2025/05,Contribuições,0.0
2025/05,Despesas de Exercícios Anteriores,75725.76
2025/05,Diárias - Civil,102798.79
2025/05,Equipamentos e Material Permanente,0.0
2025/05,Indenizações e Restituições,0.0
2025/05,Locação de Mão-de-Obra,515035.19
2025/05,Material de Consumo,163232.79
2025/05,"Material, Bem ou Serviço para Distribuição",0.0
2025/05,Obras e Instalações,470000.0
2025/05,Outros Auxílios Financeiros a Pessoas Físic,1250715.01
2025/05,Outros Serviços de Terceiros - Pessoa Físic,15195.66
2025/05,Outros Serviços de Terceiros - Pessoa Juríd,4405320.44
2025/05,Passagens e Despesas com Locomoção,57895.53
2025/05,Serviços de Tecnologia da Informação e Com,28910.09
2025/06,Auxílio Financeiro a Estudantes,3935132.8
2025/06,Auxílio Financeiro a Pesquisadores,263306.41
2025/06,Contribuições,15056.3
2025/06,Despesas de Exercícios Anteriores,65609.88
2025/06,Diárias - Civil,138282.76
2025/06,Equipamentos e Material Permanente,71339.8
2025/06,Indenizações e Restituições,95810.83
2025/06,Locação de Mão-de-Obra,1054317.68
2025/06,Material de Consumo,185223.25999999998
2025/06,"Material, Bem ou Serviço para Distribuição",0.0
2025/06,Obras e Instalações,0.0
2025/06,Outros Auxílios Financeiros a Pessoas Físic,2541669.71
2025/06,Outros Serviços de Terceiros - Pessoa Físic,110791.27
2025/06,Outros Serviços de Terceiros - Pessoa Juríd,7174945.85
2025/06,Passagens e Despesas com Locomoção,155591.66
2025/06,Serviços de Tecnologia da Informação e Com,27441.37
2025/07,Auxílio Financeiro a Estudantes,4576459.0
2025/07,Auxílio Financeiro a Pesquisadores,52940.0
2025/07,Contribuições,170861.44
2025/07,Despesas de Exercícios Anteriores,418184.19
2025/07,Diárias - Civil,924526.66
2025/07,Equipamentos e Material Permanente,442468.6
2025/07,Indenizações e Restituições,412427.54
2025/07,Locação de Mão-de-Obra,1586706.95
2025/07,Material de Consumo,696105.74
2025/07,"Material, Bem ou Serviço para Distribuição",0.0
2025/07,Obras e Instalações,1001203.0
2025/07,Outros Auxílios Financeiros a Pessoas Físic,54160.0
2025/07,Outros Serviços de Terceiros - Pessoa Físic,144693.53
2025/07,Outros Serviços de Terceiros - Pessoa Juríd,11657487.13
2025/07,Passagens e Despesas com Locomoção,786767.46
2025/07,Serviços de Tecnologia da Informação e Com,18810.29
2025/08,Auxílio Financeiro a Estudantes,8052577.199999999
2025/08,Auxílio Financeiro a Pesquisadores,405836.0
2025/08,Contribuições,4412.0
2025/08,Despesas de Exercícios Anteriores,106950.11
2025/08,Diárias - Civil,168826.54
2025/08,Equipamentos e Material Permanente,460811.67
2025/08,Indenizações e Restituições,518631.42
2025/08,Locação de Mão-de-Obra,3173413.92
2025/08,Material de Consumo,457119.88
2025/08,"Material, Bem ou Serviço para Distribuição",0.0
2025/08,Obras e Instalações,694517.0
2025/08,Outros Auxílios Financeiros a Pessoas Físic,2521139.26
2025/08,Outros Serviços de Terceiros - Pessoa Físic,258528.02
2025/08,Outros Serviços de Terceiros - Pessoa Juríd,13331994.23
2025/08,Passagens e Despesas com Locomoção,116380.98
2025/08,Serviços de Tecnologia da Informação e Com,21902.68
2025/09,Auxílio Financeiro a Estudantes,517530.82
2025/09,Auxílio Financeiro a Pesquisadores,31960.0
2025/09,Contribuições,0.0
2025/09,Despesas de Exercícios Anteriores,3275.29
2025/09,Diárias - Civil,48937.79
2025/09,Equipamentos e Material Permanente,1006756.47
2025/09,Indenizações e Restituições,0.0
2025/09,Locação de Mão-de-Obra,482204.13
2025/09,Material de Consumo,1051336.91
2025/09,"Material, Bem ou Serviço para Distribuição",0.0
2025/09,Obras e Instalações,273096.52
2025/09,Outros Auxílios Financeiros a Pessoas Físic,74166.4
2025/09,Outros Serviços de Terceiros - Pessoa Físic,196053.51
2025/09,Outros Serviços de Terceiros - Pessoa Juríd,3071748.78
2025/09,Passagens e Despesas com Locomoção,3893.880000000001
2025/09,Serviços de Tecnologia da Informação e Com,25482.420000000002
2025/10,Auxílio Financeiro a Estudantes,8931594.68
2025/10,Auxílio Financeiro a Pesquisadores,510393.95
2025/10,Contribuições,7257.3
2025/10,Despesas de Exercícios Anteriores,2227758.18
2025/10,Diárias - Civil,509235.31000000006
2025/10,Equipamentos e Material Permanente,2327547.15
2025/10,Indenizações e Restituições,0.0
2025/10,Locação de Mão-de-Obra,4243055.14
2025/10,Material de Consumo,1840352.32
2025/10,"Material, Bem ou Serviço para Distribuição",4256.4
2025/10,Obras e Instalações,5899999.0
2025/10,Outros Auxílios Financeiros a Pessoas Físic,2439440.71
2025/10,Outros Serviços de Terceiros - Pessoa Físic,419337.22000000003
2025/10,Outros Serviços de Terceiros - Pessoa Juríd,12896669.709999999
2025/10,Passagens e Despesas com Locomoção,15283.609999999986
2025/10,Serviços de Tecnologia da Informação e Com,131243.85
2025/11,Auxílio Financeiro a Estudantes,824574.1799999999
2025/11,Auxílio Financeiro a Pesquisadores,1918822.6099999999
2025/11,Contribuições,3993.0
2025/11,Despesas de Exercícios Anteriores,451133.7
2025/11,Diárias - Civil,13697.75
2025/11,Equipamentos e Material Permanente,4723489.0
2025/11,Indenizações e Restituições,0.0
2025/11,Locação de Mão-de-Obra,0.0
2025/11,Material de Consumo,591983.25
2025/11,"Material, Bem ou Serviço para Distribuição",0.0
2025/11,Obras e Instalações,359784.39
2025/11,Outros Auxílios Financeiros a Pessoas Físic,96279.5
2025/11,Outros Serviços de Terceiros - Pessoa Físic,137450.59
2025/11,Outros Serviços de Terceiros - Pessoa Juríd,2459435.25
2025/11,Passagens e Despesas com Locomoção,30065.85
2025/11,Serviços de Tecnologia da Informação e Com,470269.91000000003
2025/12,Auxílio Financeiro a Estudantes,3033879.52
2025/12,Auxílio Financeiro a Pesquisadores,726630.58
2025/12,Contribuições,0.0
2025/12,Despesas de Exercícios Anteriores,12166.54
2025/12,Diárias - Civil,-210720.26
2025/12,Equipamentos e Material Permanente,904315.4299999999
2025/12,Indenizações e Restituições,0.0
2025/12,Locação de Mão-de-Obra,1126175.52
2025/12,Material de Consumo,376227.7
2025/12,"Material, Bem ou Serviço para Distribuição",0.0
2025/12,Obras e Instalações,834707.2
2025/12,Outros Auxílios Financeiros a Pessoas Físic,1403665.3
2025/12,Outros Serviços de Terceiros - Pessoa Físic,185378.4
2025/12,Outros Serviços de Terceiros - Pessoa Juríd,17753471.89
2025/12,Passagens e Despesas com Locomoção,-97982.15
2025/12,Serviços de Tecnologia da Informação e Com,282105.85000000003
